lat,lon,bearing,image_path
-38.170289,-38.170289,210,D:\TensorFlow2\TFODCourse\minor_thesis\data_sources\gsv\-38.1702891\145.1004921\210\gsv_0.jpg
-38.170289,-38.170289,210,D:\TensorFlow2\TFODCourse\minor_thesis\data_sources\gsv\-38.1702891\145.1004921\210\gsv_0.jpg
-38.170239,-38.170239,30,D:\TensorFlow2\TFODCourse\minor_thesis\data_sources\gsv\-38.1702392\145.1005282\30\gsv_0.jpg
-38.170161,-38.170161,30,D:\TensorFlow2\TFODCourse\minor_thesis\data_sources\gsv\-38.17016098750116\145.10058483539402\30\gsv_0.jpg
-38.170083,-38.170083,30,D:\TensorFlow2\TFODCourse\minor_thesis\data_sources\gsv\-38.17008277497396\145.10064147066697\30\gsv_0.jpg
-38.166890,-38.166890,177,D:\TensorFlow2\TFODCourse\minor_thesis\data_sources\gsv\-38.16689010158024\145.1016032000486\177\gsv_0.jpg
-38.166800,-38.166800,177,D:\TensorFlow2\TFODCourse\minor_thesis\data_sources\gsv\-38.16680015079098\145.1015968500165\177\gsv_0.jpg
-38.166710,-38.166710,357,D:\TensorFlow2\TFODCourse\minor_thesis\data_sources\gsv\-38.1667102\145.1015905\357\gsv_0.jpg
-38.166710,-38.166710,354,D:\TensorFlow2\TFODCourse\minor_thesis\data_sources\gsv\-38.1667102\145.1015905\354\gsv_0.jpg
-38.166634,-38.166634,354,D:\TensorFlow2\TFODCourse\minor_thesis\data_sources\gsv\-38.1666343\145.1015802\354\gsv_0.jpg
-38.166634,-38.166634,354,D:\TensorFlow2\TFODCourse\minor_thesis\data_sources\gsv\-38.1666343\145.1015802\354\gsv_0.jpg
-38.164117,-38.164117,203,D:\TensorFlow2\TFODCourse\minor_thesis\data_sources\gsv\-38.164117203073815\145.10191188554293\203\gsv_0.jpg
-38.164035,-38.164035,203,D:\TensorFlow2\TFODCourse\minor_thesis\data_sources\gsv\-38.16403450154621\145.10195714282258\203\gsv_0.jpg
-38.163952,-38.163952,22,D:\TensorFlow2\TFODCourse\minor_thesis\data_sources\gsv\-38.1639518\145.1020024\22\gsv_0.jpg
-38.163868,-38.163868,22,D:\TensorFlow2\TFODCourse\minor_thesis\data_sources\gsv\-38.163868198912255\145.1020449231519\22\gsv_0.jpg
-38.163785,-38.163785,22,D:\TensorFlow2\TFODCourse\minor_thesis\data_sources\gsv\-38.16378459780793\145.10208744620672\22\gsv_0.jpg
-38.161794,-38.161794,201,D:\TensorFlow2\TFODCourse\minor_thesis\data_sources\gsv\-38.16179386505896\145.1030860307341\201\gsv_0.jpg
-38.161710,-38.161710,201,D:\TensorFlow2\TFODCourse\minor_thesis\data_sources\gsv\-38.161710032537506\145.1031278154149\201\gsv_0.jpg
-38.161626,-38.161626,21,D:\TensorFlow2\TFODCourse\minor_thesis\data_sources\gsv\-38.1616262\145.1031696\21\gsv_0.jpg
-38.161542,-38.161542,21,D:\TensorFlow2\TFODCourse\minor_thesis\data_sources\gsv\-38.16154236797496\145.10321138619048\21\gsv_0.jpg
-38.161459,-38.161459,21,D:\TensorFlow2\TFODCourse\minor_thesis\data_sources\gsv\-38.16145853593386\145.10325317228526\21\gsv_0.jpg
-38.160992,-38.160992,201,D:\TensorFlow2\TFODCourse\minor_thesis\data_sources\gsv\-38.1609921\145.1037506\201\gsv_0.jpg
-38.161076,-38.161076,201,D:\TensorFlow2\TFODCourse\minor_thesis\data_sources\gsv\-38.16107625540225\145.1037098701527\201\gsv_0.jpg
-38.161160,-38.161160,201,D:\TensorFlow2\TFODCourse\minor_thesis\data_sources\gsv\-38.161160410789144\145.1036691402117\201\gsv_0.jpg
-38.161539,-38.161539,21,D:\TensorFlow2\TFODCourse\minor_thesis\data_sources\gsv\-38.161538889410146\145.10348596100502\21\gsv_0.jpg
-38.161623,-38.161623,21,D:\TensorFlow2\TFODCourse\minor_thesis\data_sources\gsv\-38.16162304471274\145.10344523054934\21\gsv_0.jpg
-38.161707,-38.161707,201,D:\TensorFlow2\TFODCourse\minor_thesis\data_sources\gsv\-38.1617072\145.1034045\201\gsv_0.jpg
-38.161791,-38.161791,201,D:\TensorFlow2\TFODCourse\minor_thesis\data_sources\gsv\-38.16179122974604\145.1033633557239\201\gsv_0.jpg
-38.161875,-38.161875,201,D:\TensorFlow2\TFODCourse\minor_thesis\data_sources\gsv\-38.16187525947647\145.1033222113534\201\gsv_0.jpg
-38.163883,-38.163883,21,D:\TensorFlow2\TFODCourse\minor_thesis\data_sources\gsv\-38.16388344133262\145.10233889353893\21\gsv_0.jpg
-38.163967,-38.163967,21,D:\TensorFlow2\TFODCourse\minor_thesis\data_sources\gsv\-38.16396747067413\145.1022977468167\21\gsv_0.jpg
-38.164051,-38.164051,201,D:\TensorFlow2\TFODCourse\minor_thesis\data_sources\gsv\-38.1640515\145.1022566\201\gsv_0.jpg
-38.166812,-38.166812,178,D:\TensorFlow2\TFODCourse\minor_thesis\data_sources\gsv\-38.1668118\145.1017554\178\gsv_0.jpg
-38.166902,-38.166902,178,D:\TensorFlow2\TFODCourse\minor_thesis\data_sources\gsv\-38.166901833606154\145.10175945072797\178\gsv_0.jpg
-38.166992,-38.166992,178,D:\TensorFlow2\TFODCourse\minor_thesis\data_sources\gsv\-38.1669918672108\145.10176350146588\178\gsv_0.jpg
-38.170130,-38.170130,30,D:\TensorFlow2\TFODCourse\minor_thesis\data_sources\gsv\-38.17013019365451\145.1007789215873\30\gsv_0.jpg
-38.170209,-38.170209,30,D:\TensorFlow2\TFODCourse\minor_thesis\data_sources\gsv\-38.17020859684123\145.10072271085386\30\gsv_0.jpg
-38.170287,-38.170287,210,D:\TensorFlow2\TFODCourse\minor_thesis\data_sources\gsv\-38.170287\145.1006665\210\gsv_0.jpg
-38.170364,-38.170364,211,D:\TensorFlow2\TFODCourse\minor_thesis\data_sources\gsv\-38.17036416818577\145.10060761078444\211\gsv_0.jpg
-38.170441,-38.170441,211,D:\TensorFlow2\TFODCourse\minor_thesis\data_sources\gsv\-38.17044133634101\145.1005487214447\211\gsv_0.jpg
-38.161501,-38.161501,22,D:\TensorFlow2\TFODCourse\minor_thesis\data_sources\gsv\-38.16150122641249\145.10337276122834\22\gsv_0.jpg
-38.161585,-38.161585,22,D:\TensorFlow2\TFODCourse\minor_thesis\data_sources\gsv\-38.16158471321467\145.10332988066307\22\gsv_0.jpg
-38.161668,-38.161668,202,D:\TensorFlow2\TFODCourse\minor_thesis\data_sources\gsv\-38.1616682\145.103287\202\gsv_0.jpg
-38.161752,-38.161752,202,D:\TensorFlow2\TFODCourse\minor_thesis\data_sources\gsv\-38.16175194094419\145.1032449218004\202\gsv_0.jpg
-38.161836,-38.161836,202,D:\TensorFlow2\TFODCourse\minor_thesis\data_sources\gsv\-38.16183568187213\145.1032028435046\202\gsv_0.jpg
-38.163824,-38.163824,21,D:\TensorFlow2\TFODCourse\minor_thesis\data_sources\gsv\-38.163824354089634\145.1022139871423\21\gsv_0.jpg
-38.163908,-38.163908,21,D:\TensorFlow2\TFODCourse\minor_thesis\data_sources\gsv\-38.16390827705274\145.10217249361872\21\gsv_0.jpg
-38.163992,-38.163992,201,D:\TensorFlow2\TFODCourse\minor_thesis\data_sources\gsv\-38.1639922\145.102131\201\gsv_0.jpg
-38.164076,-38.164076,201,D:\TensorFlow2\TFODCourse\minor_thesis\data_sources\gsv\-38.16407645318615\145.1020905942269\201\gsv_0.jpg
-38.164161,-38.164161,201,D:\TensorFlow2\TFODCourse\minor_thesis\data_sources\gsv\-38.164160706357166\145.10205018836072\201\gsv_0.jpg
-38.165148,-38.165148,8,D:\TensorFlow2\TFODCourse\minor_thesis\data_sources\gsv\-38.1651479\145.1016857\8\gsv_0.jpg
-38.165236,-38.165236,8,D:\TensorFlow2\TFODCourse\minor_thesis\data_sources\gsv\-38.16523645122788\145.10166935516781\8\gsv_0.jpg
-38.165326,-38.165326,188,D:\TensorFlow2\TFODCourse\minor_thesis\data_sources\gsv\-38.1653256\145.1016529\188\gsv_0.jpg
-38.165326,-38.165326,182,D:\TensorFlow2\TFODCourse\minor_thesis\data_sources\gsv\-38.1653256\145.1016529\182\gsv_0.jpg
-38.165416,-38.165416,182,D:\TensorFlow2\TFODCourse\minor_thesis\data_sources\gsv\-38.16541561400926\145.10164820160105\182\gsv_0.jpg
-38.165506,-38.165506,182,D:\TensorFlow2\TFODCourse\minor_thesis\data_sources\gsv\-38.16550562801693\145.10164350319053\182\gsv_0.jpg
-38.166527,-38.166527,355,D:\TensorFlow2\TFODCourse\minor_thesis\data_sources\gsv\-38.16652694808366\145.10172553436058\355\gsv_0.jpg
-38.166617,-38.166617,355,D:\TensorFlow2\TFODCourse\minor_thesis\data_sources\gsv\-38.16661662404303\145.1017364671669\355\gsv_0.jpg
-38.166706,-38.166706,175,D:\TensorFlow2\TFODCourse\minor_thesis\data_sources\gsv\-38.1667063\145.1017474\175\gsv_0.jpg
-38.166706,-38.166706,177,D:\TensorFlow2\TFODCourse\minor_thesis\data_sources\gsv\-38.1667063\145.1017474\177\gsv_0.jpg
-38.166796,-38.166796,177,D:\TensorFlow2\TFODCourse\minor_thesis\data_sources\gsv\-38.166796229377034\145.1017542192878\177\gsv_0.jpg
-38.166812,-38.166812,177,D:\TensorFlow2\TFODCourse\minor_thesis\data_sources\gsv\-38.16681179999999\145.10175540000003\177\gsv_0.jpg
-38.166706,-38.166706,357,D:\TensorFlow2\TFODCourse\minor_thesis\data_sources\gsv\-38.1667063\145.1017474\357\gsv_0.jpg
-38.166722,-38.166722,357,D:\TensorFlow2\TFODCourse\minor_thesis\data_sources\gsv\-38.16672187062327\145.10174858070928\357\gsv_0.jpg
-38.166812,-38.166812,177,D:\TensorFlow2\TFODCourse\minor_thesis\data_sources\gsv\-38.1668118\145.1017554\177\gsv_0.jpg
-38.165421,-38.165421,351,D:\TensorFlow2\TFODCourse\minor_thesis\data_sources\gsv\-38.1654212\145.1017661\351\gsv_0.jpg
-38.165421,-38.165421,351,D:\TensorFlow2\TFODCourse\minor_thesis\data_sources\gsv\-38.1654212\145.1017661\351\gsv_0.jpg
-38.165503,-38.165503,171,D:\TensorFlow2\TFODCourse\minor_thesis\data_sources\gsv\-38.1655034\145.1017834\171\gsv_0.jpg
-38.173535,-38.173535,148,D:\TensorFlow2\TFODCourse\minor_thesis\data_sources\gsv\-38.1735351\145.1080202\148\gsv_0.jpg
-38.173612,-38.173612,148,D:\TensorFlow2\TFODCourse\minor_thesis\data_sources\gsv\-38.17361174515946\145.10808017775153\148\gsv_0.jpg
-38.173688,-38.173688,148,D:\TensorFlow2\TFODCourse\minor_thesis\data_sources\gsv\-38.17368839028729\145.10814015562866\148\gsv_0.jpg
-38.174929,-38.174929,328,D:\TensorFlow2\TFODCourse\minor_thesis\data_sources\gsv\-38.17492852497036\145.10911091087968\328\gsv_0.jpg
-38.175005,-38.175005,328,D:\TensorFlow2\TFODCourse\minor_thesis\data_sources\gsv\-38.175005162501016\145.109170905377\328\gsv_0.jpg
-38.175082,-38.175082,148,D:\TensorFlow2\TFODCourse\minor_thesis\data_sources\gsv\-38.1750818\145.1092309\148\gsv_0.jpg
-38.175159,-38.175159,149,D:\TensorFlow2\TFODCourse\minor_thesis\data_sources\gsv\-38.17515886825975\145.10929000254836\149\gsv_0.jpg
-38.175236,-38.175236,149,D:\TensorFlow2\TFODCourse\minor_thesis\data_sources\gsv\-38.17523593648873\145.1093491052212\149\gsv_0.jpg
-38.175447,-38.175447,329,D:\TensorFlow2\TFODCourse\minor_thesis\data_sources\gsv\-38.175447163802914\145.10951109359843\329\gsv_0.jpg
-38.175524,-38.175524,329,D:\TensorFlow2\TFODCourse\minor_thesis\data_sources\gsv\-38.17552423191684\145.10957019673697\329\gsv_0.jpg
-38.175601,-38.175601,148,D:\TensorFlow2\TFODCourse\minor_thesis\data_sources\gsv\-38.1756013\145.1096293\148\gsv_0.jpg
-38.175678,-38.175678,148,D:\TensorFlow2\TFODCourse\minor_thesis\data_sources\gsv\-38.175677690048715\145.10968979941174\148\gsv_0.jpg
-38.175754,-38.175754,148,D:\TensorFlow2\TFODCourse\minor_thesis\data_sources\gsv\-38.17575408006525\145.1097502989498\148\gsv_0.jpg
-38.177735,-38.177735,328,D:\TensorFlow2\TFODCourse\minor_thesis\data_sources\gsv\-38.177735415386785\145.11130792607602\328\gsv_0.jpg
-38.177812,-38.177812,328,D:\TensorFlow2\TFODCourse\minor_thesis\data_sources\gsv\-38.17781205770921\145.11136791297517\328\gsv_0.jpg
-38.177889,-38.177889,148,D:\TensorFlow2\TFODCourse\minor_thesis\data_sources\gsv\-38.1778887\145.1114279\148\gsv_0.jpg
-38.177965,-38.177965,148,D:\TensorFlow2\TFODCourse\minor_thesis\data_sources\gsv\-38.17796533800775\145.1114878958669\148\gsv_0.jpg
-38.178042,-38.178042,148,D:\TensorFlow2\TFODCourse\minor_thesis\data_sources\gsv\-38.17804197598385\145.11154789185946\148\gsv_0.jpg
-38.165326,-38.165326,137,D:\TensorFlow2\TFODCourse\minor_thesis\data_sources\gsv\-38.1653256\145.1016529\137\gsv_0.jpg
-38.165370,-38.165370,137,D:\TensorFlow2\TFODCourse\minor_thesis\data_sources\gsv\-38.1653698\145.10170509999998\137\gsv_0.jpg
-38.165370,-38.165370,137,D:\TensorFlow2\TFODCourse\minor_thesis\data_sources\gsv\-38.1653698\145.10170509999998\137\gsv_0.jpg
-38.165370,-38.165370,335,D:\TensorFlow2\TFODCourse\minor_thesis\data_sources\gsv\-38.16536979999999\145.1017051\335\gsv_0.jpg
-38.165422,-38.165422,335,D:\TensorFlow2\TFODCourse\minor_thesis\data_sources\gsv\-38.16542163810863\145.10173548112917\335\gsv_0.jpg
-38.165503,-38.165503,154,D:\TensorFlow2\TFODCourse\minor_thesis\data_sources\gsv\-38.1655034\145.1017834\154\gsv_0.jpg
-38.165584,-38.165584,153,D:\TensorFlow2\TFODCourse\minor_thesis\data_sources\gsv\-38.165583659125566\145.10183523476056\153\gsv_0.jpg
-38.165664,-38.165664,153,D:\TensorFlow2\TFODCourse\minor_thesis\data_sources\gsv\-38.16566391822715\145.10188706963478\153\gsv_0.jpg
-38.166706,-38.166706,77,D:\TensorFlow2\TFODCourse\minor_thesis\data_sources\gsv\-38.1667063\145.1017474\77\gsv_0.jpg
-38.166686,-38.166686,77,D:\TensorFlow2\TFODCourse\minor_thesis\data_sources\gsv\-38.1666859\145.1018568\77\gsv_0.jpg
-38.166686,-38.166686,77,D:\TensorFlow2\TFODCourse\minor_thesis\data_sources\gsv\-38.1666859\145.1018568\77\gsv_0.jpg
-38.168484,-38.168484,328,D:\TensorFlow2\TFODCourse\minor_thesis\data_sources\gsv\-38.16848437425557\145.10409441163173\328\gsv_0.jpg
-38.168561,-38.168561,328,D:\TensorFlow2\TFODCourse\minor_thesis\data_sources\gsv\-38.16856088714374\145.10415465575286\328\gsv_0.jpg
-38.168637,-38.168637,148,D:\TensorFlow2\TFODCourse\minor_thesis\data_sources\gsv\-38.1686374\145.1042149\148\gsv_0.jpg
-38.168714,-38.168714,148,D:\TensorFlow2\TFODCourse\minor_thesis\data_sources\gsv\-38.16871391570431\145.1042751385041\148\gsv_0.jpg
-38.168790,-38.168790,148,D:\TensorFlow2\TFODCourse\minor_thesis\data_sources\gsv\-38.16879043137671\145.1043353771342\148\gsv_0.jpg
-38.169505,-38.169505,328,D:\TensorFlow2\TFODCourse\minor_thesis\data_sources\gsv\-38.16950496934666\145.1048979200098\328\gsv_0.jpg
-38.169581,-38.169581,328,D:\TensorFlow2\TFODCourse\minor_thesis\data_sources\gsv\-38.16958148468928\145.10495815994193\328\gsv_0.jpg
-38.169658,-38.169658,148,D:\TensorFlow2\TFODCourse\minor_thesis\data_sources\gsv\-38.169658\145.1050184\148\gsv_0.jpg
-38.169692,-38.169692,148,D:\TensorFlow2\TFODCourse\minor_thesis\data_sources\gsv\-38.16969219999999\145.1050454\148\gsv_0.jpg
-38.169692,-38.169692,148,D:\TensorFlow2\TFODCourse\minor_thesis\data_sources\gsv\-38.16969219999999\145.1050454\148\gsv_0.jpg
-38.169658,-38.169658,328,D:\TensorFlow2\TFODCourse\minor_thesis\data_sources\gsv\-38.16965799999999\145.1050184\328\gsv_0.jpg
-38.169658,-38.169658,328,D:\TensorFlow2\TFODCourse\minor_thesis\data_sources\gsv\-38.16965799999999\145.1050184\328\gsv_0.jpg
-38.169692,-38.169692,148,D:\TensorFlow2\TFODCourse\minor_thesis\data_sources\gsv\-38.1696922\145.1050454\148\gsv_0.jpg
-38.169769,-38.169769,149,D:\TensorFlow2\TFODCourse\minor_thesis\data_sources\gsv\-38.16976903650841\145.1051049805611\149\gsv_0.jpg
-38.169846,-38.169846,149,D:\TensorFlow2\TFODCourse\minor_thesis\data_sources\gsv\-38.16984587298558\145.10516456124728\149\gsv_0.jpg
-38.169930,-38.169930,329,D:\TensorFlow2\TFODCourse\minor_thesis\data_sources\gsv\-38.16992975189257\145.10522959396178\329\gsv_0.jpg
-38.170007,-38.170007,329,D:\TensorFlow2\TFODCourse\minor_thesis\data_sources\gsv\-38.17000662596186\145.1052890969184\329\gsv_0.jpg
-38.170083,-38.170083,149,D:\TensorFlow2\TFODCourse\minor_thesis\data_sources\gsv\-38.1700835\145.1053486\149\gsv_0.jpg
-38.170160,-38.170160,149,D:\TensorFlow2\TFODCourse\minor_thesis\data_sources\gsv\-38.17016035303192\145.10540814666473\149\gsv_0.jpg
-38.170237,-38.170237,149,D:\TensorFlow2\TFODCourse\minor_thesis\data_sources\gsv\-38.17023720603263\145.1054676934545\149\gsv_0.jpg
-38.171093,-38.171093,329,D:\TensorFlow2\TFODCourse\minor_thesis\data_sources\gsv\-38.17109289478701\145.10613070326053\329\gsv_0.jpg
-38.171170,-38.171170,329,D:\TensorFlow2\TFODCourse\minor_thesis\data_sources\gsv\-38.17116974740911\145.10619025156774\329\gsv_0.jpg
-38.171247,-38.171247,149,D:\TensorFlow2\TFODCourse\minor_thesis\data_sources\gsv\-38.1712466\145.1062498\149\gsv_0.jpg
-38.171323,-38.171323,149,D:\TensorFlow2\TFODCourse\minor_thesis\data_sources\gsv\-38.17132345239969\145.10630934888866\149\gsv_0.jpg
-38.171400,-38.171400,149,D:\TensorFlow2\TFODCourse\minor_thesis\data_sources\gsv\-38.17140030476817\145.10636889790237\149\gsv_0.jpg
-38.171876,-38.171876,329,D:\TensorFlow2\TFODCourse\minor_thesis\data_sources\gsv\-38.17187639574328\145.10673780004788\329\gsv_0.jpg
-38.171953,-38.171953,329,D:\TensorFlow2\TFODCourse\minor_thesis\data_sources\gsv\-38.171953247887245\145.1067973499614\329\gsv_0.jpg
-38.172030,-38.172030,149,D:\TensorFlow2\TFODCourse\minor_thesis\data_sources\gsv\-38.1720301\145.1068569\149\gsv_0.jpg
-38.172107,-38.172107,149,D:\TensorFlow2\TFODCourse\minor_thesis\data_sources\gsv\-38.17210695181611\145.10691645071336\149\gsv_0.jpg
-38.172184,-38.172184,149,D:\TensorFlow2\TFODCourse\minor_thesis\data_sources\gsv\-38.17218380360102\145.10697600155174\149\gsv_0.jpg
-38.173160,-38.173160,329,D:\TensorFlow2\TFODCourse\minor_thesis\data_sources\gsv\-38.17316009208983\145.10773250559467\329\gsv_0.jpg
-38.173237,-38.173237,329,D:\TensorFlow2\TFODCourse\minor_thesis\data_sources\gsv\-38.17323694606052\145.1077920527348\329\gsv_0.jpg
-38.173314,-38.173314,149,D:\TensorFlow2\TFODCourse\minor_thesis\data_sources\gsv\-38.1733138\145.1078516\149\gsv_0.jpg
-38.161707,-38.161707,293,D:\TensorFlow2\TFODCourse\minor_thesis\data_sources\gsv\-38.1617072\145.1034045\293\gsv_0.jpg
-38.161672,-38.161672,293,D:\TensorFlow2\TFODCourse\minor_thesis\data_sources\gsv\-38.161672286738664\145.10329931258758\293\gsv_0.jpg
-38.161668,-38.161668,293,D:\TensorFlow2\TFODCourse\minor_thesis\data_sources\gsv\-38.16166820000001\145.103287\293\gsv_0.jpg
-38.161707,-38.161707,113,D:\TensorFlow2\TFODCourse\minor_thesis\data_sources\gsv\-38.1617072\145.1034045\113\gsv_0.jpg
-38.161703,-38.161703,113,D:\TensorFlow2\TFODCourse\minor_thesis\data_sources\gsv\-38.16170311327238\145.1033921874007\113\gsv_0.jpg
-38.161668,-38.161668,294,D:\TensorFlow2\TFODCourse\minor_thesis\data_sources\gsv\-38.1616682\145.103287\294\gsv_0.jpg
-38.161631,-38.161631,294,D:\TensorFlow2\TFODCourse\minor_thesis\data_sources\gsv\-38.16163101797382\145.10318306736045\294\gsv_0.jpg
-38.161626,-38.161626,294,D:\TensorFlow2\TFODCourse\minor_thesis\data_sources\gsv\-38.1616262\145.1031696\294\gsv_0.jpg
-38.161668,-38.161668,114,D:\TensorFlow2\TFODCourse\minor_thesis\data_sources\gsv\-38.161668200000015\145.10328699999997\114\gsv_0.jpg
-38.161663,-38.161663,114,D:\TensorFlow2\TFODCourse\minor_thesis\data_sources\gsv\-38.16166338203812\145.10327353262585\114\gsv_0.jpg
-38.161626,-38.161626,295,D:\TensorFlow2\TFODCourse\minor_thesis\data_sources\gsv\-38.1616262\145.1031696\295\gsv_0.jpg
-38.161590,-38.161590,295,D:\TensorFlow2\TFODCourse\minor_thesis\data_sources\gsv\-38.1615902\145.1030724\295\gsv_0.jpg
-38.161590,-38.161590,295,D:\TensorFlow2\TFODCourse\minor_thesis\data_sources\gsv\-38.1615902\145.1030724\295\gsv_0.jpg
-38.163399,-38.163399,53,D:\TensorFlow2\TFODCourse\minor_thesis\data_sources\gsv\-38.16339940000001\145.1003353\53\gsv_0.jpg
-38.163441,-38.163441,53,D:\TensorFlow2\TFODCourse\minor_thesis\data_sources\gsv\-38.1634414262575\145.10026416190334\53\gsv_0.jpg
-38.163495,-38.163495,233,D:\TensorFlow2\TFODCourse\minor_thesis\data_sources\gsv\-38.1634954\145.1001728\233\gsv_0.jpg
-38.163645,-38.163645,146,D:\TensorFlow2\TFODCourse\minor_thesis\data_sources\gsv\-38.16364481290069\145.10030034771117\146\gsv_0.jpg
-38.163570,-38.163570,146,D:\TensorFlow2\TFODCourse\minor_thesis\data_sources\gsv\-38.163570106468136\145.10023657379054\146\gsv_0.jpg
-38.163495,-38.163495,320,D:\TensorFlow2\TFODCourse\minor_thesis\data_sources\gsv\-38.1634954\145.1001728\320\gsv_0.jpg
-38.163435,-38.163435,312,D:\TensorFlow2\TFODCourse\minor_thesis\data_sources\gsv\-38.163434617164505\145.10008857725146\312\gsv_0.jpg
-38.163374,-38.163374,312,D:\TensorFlow2\TFODCourse\minor_thesis\data_sources\gsv\-38.16337383426797\145.10000435464275\312\gsv_0.jpg
-38.169692,-38.169692,58,D:\TensorFlow2\TFODCourse\minor_thesis\data_sources\gsv\-38.1696922\145.1050454\58\gsv_0.jpg
-38.169673,-38.169673,58,D:\TensorFlow2\TFODCourse\minor_thesis\data_sources\gsv\-38.1696731\145.1050844\58\gsv_0.jpg
-38.169673,-38.169673,58,D:\TensorFlow2\TFODCourse\minor_thesis\data_sources\gsv\-38.1696731\145.1050844\58\gsv_0.jpg
-38.168769,-38.168769,238,D:\TensorFlow2\TFODCourse\minor_thesis\data_sources\gsv\-38.168769167008\145.1069333658749\238\gsv_0.jpg
-38.168722,-38.168722,238,D:\TensorFlow2\TFODCourse\minor_thesis\data_sources\gsv\-38.16872173354426\145.10703038300034\238\gsv_0.jpg
-38.168674,-38.168674,59,D:\TensorFlow2\TFODCourse\minor_thesis\data_sources\gsv\-38.1686743\145.1071274\59\gsv_0.jpg
-38.168628,-38.168628,59,D:\TensorFlow2\TFODCourse\minor_thesis\data_sources\gsv\-38.16862800850265\145.10722529803326\59\gsv_0.jpg
-38.168582,-38.168582,59,D:\TensorFlow2\TFODCourse\minor_thesis\data_sources\gsv\-38.16858171692334\145.10732319594266\59\gsv_0.jpg
-38.167617,-38.167617,238,D:\TensorFlow2\TFODCourse\minor_thesis\data_sources\gsv\-38.16761731794601\145.1092773406105\238\gsv_0.jpg
-38.167569,-38.167569,238,D:\TensorFlow2\TFODCourse\minor_thesis\data_sources\gsv\-38.16756895901267\145.10937362036884\238\gsv_0.jpg
-38.167521,-38.167521,59,D:\TensorFlow2\TFODCourse\minor_thesis\data_sources\gsv\-38.1675206\145.1094699\59\gsv_0.jpg
-38.167474,-38.167474,59,D:\TensorFlow2\TFODCourse\minor_thesis\data_sources\gsv\-38.167473697903155\145.1095673290867\59\gsv_0.jpg
-38.167427,-38.167427,59,D:\TensorFlow2\TFODCourse\minor_thesis\data_sources\gsv\-38.16742679572512\145.10966475804855\59\gsv_0.jpg
-38.168637,-38.168637,59,D:\TensorFlow2\TFODCourse\minor_thesis\data_sources\gsv\-38.1686374\145.1042149\59\gsv_0.jpg
-38.168592,-38.168592,59,D:\TensorFlow2\TFODCourse\minor_thesis\data_sources\gsv\-38.168591601621074\145.10431316940367\59\gsv_0.jpg
-38.168546,-38.168546,59,D:\TensorFlow2\TFODCourse\minor_thesis\data_sources\gsv\-38.16854580315955\145.10441143868437\59\gsv_0.jpg
-38.168147,-38.168147,239,D:\TensorFlow2\TFODCourse\minor_thesis\data_sources\gsv\-38.16814749860725\145.10526606394646\239\gsv_0.jpg
-38.168102,-38.168102,239,D:\TensorFlow2\TFODCourse\minor_thesis\data_sources\gsv\-38.168101699344916\145.1053643320347\239\gsv_0.jpg
-38.168056,-38.168056,61,D:\TensorFlow2\TFODCourse\minor_thesis\data_sources\gsv\-38.1680559\145.1054626\61\gsv_0.jpg
-38.168017,-38.168017,64,D:\TensorFlow2\TFODCourse\minor_thesis\data_sources\gsv\-38.16801680566011\145.10556540974846\64\gsv_0.jpg
-38.167978,-38.167978,64,D:\TensorFlow2\TFODCourse\minor_thesis\data_sources\gsv\-38.16797771122996\145.1056682193871\64\gsv_0.jpg
-38.167240,-38.167240,238,D:\TensorFlow2\TFODCourse\minor_thesis\data_sources\gsv\-38.167239575475506\145.1073604078871\238\gsv_0.jpg
-38.167192,-38.167192,238,D:\TensorFlow2\TFODCourse\minor_thesis\data_sources\gsv\-38.16719243777819\145.10745765400617\238\gsv_0.jpg
-38.167145,-38.167145,58,D:\TensorFlow2\TFODCourse\minor_thesis\data_sources\gsv\-38.1671453\145.1075549\58\gsv_0.jpg
-38.167098,-38.167098,58,D:\TensorFlow2\TFODCourse\minor_thesis\data_sources\gsv\-38.167097848734564\145.10765190101557\58\gsv_0.jpg
-38.167075,-38.167075,58,D:\TensorFlow2\TFODCourse\minor_thesis\data_sources\gsv\-38.16707519999999\145.10769819999996\58\gsv_0.jpg
-38.166800,-38.166800,211,D:\TensorFlow2\TFODCourse\minor_thesis\data_sources\gsv\-38.16679959405708\145.10800678715685\211\gsv_0.jpg
-38.166723,-38.166723,211,D:\TensorFlow2\TFODCourse\minor_thesis\data_sources\gsv\-38.16672274704415\145.10806634364098\211\gsv_0.jpg
-38.166646,-38.166646,31,D:\TensorFlow2\TFODCourse\minor_thesis\data_sources\gsv\-38.1666459\145.1081259\31\gsv_0.jpg
-38.166569,-38.166569,32,D:\TensorFlow2\TFODCourse\minor_thesis\data_sources\gsv\-38.166569094853884\145.10818554294747\32\gsv_0.jpg
-38.166556,-38.166556,32,D:\TensorFlow2\TFODCourse\minor_thesis\data_sources\gsv\-38.1665555\145.1081961\32\gsv_0.jpg
-38.166445,-38.166445,234,D:\TensorFlow2\TFODCourse\minor_thesis\data_sources\gsv\-38.166445141603184\145.1083903538512\234\gsv_0.jpg
-38.166393,-38.166393,234,D:\TensorFlow2\TFODCourse\minor_thesis\data_sources\gsv\-38.16639252083836\145.10848297699218\234\gsv_0.jpg
-38.166340,-38.166340,56,D:\TensorFlow2\TFODCourse\minor_thesis\data_sources\gsv\-38.1663399\145.1085756\56\gsv_0.jpg
-38.166291,-38.166291,57,D:\TensorFlow2\TFODCourse\minor_thesis\data_sources\gsv\-38.16629072319903\145.10867121113094\57\gsv_0.jpg
-38.166242,-38.166242,57,D:\TensorFlow2\TFODCourse\minor_thesis\data_sources\gsv\-38.16624154631982\145.1087668221334\57\gsv_0.jpg
-38.165906,-38.165906,237,D:\TensorFlow2\TFODCourse\minor_thesis\data_sources\gsv\-38.16590595506116\145.10941928013372\237\gsv_0.jpg
-38.165857,-38.165857,237,D:\TensorFlow2\TFODCourse\minor_thesis\data_sources\gsv\-38.16585677756971\145.1095148901311\237\gsv_0.jpg
-38.165808,-38.165808,55,D:\TensorFlow2\TFODCourse\minor_thesis\data_sources\gsv\-38.1658076\145.1096105\55\gsv_0.jpg
-38.165752,-38.165752,52,D:\TensorFlow2\TFODCourse\minor_thesis\data_sources\gsv\-38.16575230579752\145.10970058907586\52\gsv_0.jpg
-38.165697,-38.165697,52,D:\TensorFlow2\TFODCourse\minor_thesis\data_sources\gsv\-38.16569701152541\145.10979067801563\52\gsv_0.jpg
-38.162495,-38.162495,150,D:\TensorFlow2\TFODCourse\minor_thesis\data_sources\gsv\-38.1624954242854\145.11021182287183\150\gsv_0.jpg
-38.162417,-38.162417,150,D:\TensorFlow2\TFODCourse\minor_thesis\data_sources\gsv\-38.16241736215703\145.11015486137518\150\gsv_0.jpg
-38.162339,-38.162339,330,D:\TensorFlow2\TFODCourse\minor_thesis\data_sources\gsv\-38.1623393\145.1100979\330\gsv_0.jpg
-38.162261,-38.162261,330,D:\TensorFlow2\TFODCourse\minor_thesis\data_sources\gsv\-38.162261237909355\145.1100409385373\330\gsv_0.jpg
-38.162183,-38.162183,330,D:\TensorFlow2\TFODCourse\minor_thesis\data_sources\gsv\-38.16218317579005\145.10998397719607\330\gsv_0.jpg
-38.161024,-38.161024,100,D:\TensorFlow2\TFODCourse\minor_thesis\data_sources\gsv\-38.16102420732892\145.10397515369945\100\gsv_0.jpg
-38.161008,-38.161008,100,D:\TensorFlow2\TFODCourse\minor_thesis\data_sources\gsv\-38.16100815371815\145.1038628768251\100\gsv_0.jpg
-38.160992,-38.160992,280,D:\TensorFlow2\TFODCourse\minor_thesis\data_sources\gsv\-38.1609921\145.1037506\280\gsv_0.jpg
-38.160976,-38.160976,280,D:\TensorFlow2\TFODCourse\minor_thesis\data_sources\gsv\-38.16097649999999\145.103641\280\gsv_0.jpg
-38.160976,-38.160976,280,D:\TensorFlow2\TFODCourse\minor_thesis\data_sources\gsv\-38.16097649999999\145.103641\280\gsv_0.jpg
-38.160992,-38.160992,100,D:\TensorFlow2\TFODCourse\minor_thesis\data_sources\gsv\-38.16099210000001\145.1037506\100\gsv_0.jpg
-38.160992,-38.160992,100,D:\TensorFlow2\TFODCourse\minor_thesis\data_sources\gsv\-38.16099210000001\145.1037506\100\gsv_0.jpg
-38.160976,-38.160976,280,D:\TensorFlow2\TFODCourse\minor_thesis\data_sources\gsv\-38.1609765\145.103641\280\gsv_0.jpg
-38.163952,-38.163952,112,D:\TensorFlow2\TFODCourse\minor_thesis\data_sources\gsv\-38.1639518\145.1020024\112\gsv_0.jpg
-38.163985,-38.163985,112,D:\TensorFlow2\TFODCourse\minor_thesis\data_sources\gsv\-38.1639851073349\145.1021084228104\112\gsv_0.jpg
-38.163992,-38.163992,112,D:\TensorFlow2\TFODCourse\minor_thesis\data_sources\gsv\-38.1639922\145.10213099999999\112\gsv_0.jpg
-38.163952,-38.163952,292,D:\TensorFlow2\TFODCourse\minor_thesis\data_sources\gsv\-38.1639518\145.1020024\292\gsv_0.jpg
-38.163959,-38.163959,292,D:\TensorFlow2\TFODCourse\minor_thesis\data_sources\gsv\-38.16395889268551\145.10202497716907\292\gsv_0.jpg
-38.163992,-38.163992,116,D:\TensorFlow2\TFODCourse\minor_thesis\data_sources\gsv\-38.1639922\145.102131\116\gsv_0.jpg
-38.164038,-38.164038,121,D:\TensorFlow2\TFODCourse\minor_thesis\data_sources\gsv\-38.16403843742435\145.10222893285004\121\gsv_0.jpg
-38.164051,-38.164051,121,D:\TensorFlow2\TFODCourse\minor_thesis\data_sources\gsv\-38.16405149999999\145.1022566\121\gsv_0.jpg
-38.163992,-38.163992,301,D:\TensorFlow2\TFODCourse\minor_thesis\data_sources\gsv\-38.16399220000001\145.102131\301\gsv_0.jpg
-38.164005,-38.164005,301,D:\TensorFlow2\TFODCourse\minor_thesis\data_sources\gsv\-38.16400526259882\145.10215866711502\301\gsv_0.jpg
-38.164051,-38.164051,121,D:\TensorFlow2\TFODCourse\minor_thesis\data_sources\gsv\-38.1640515\145.1022566\121\gsv_0.jpg
-38.164088,-38.164088,121,D:\TensorFlow2\TFODCourse\minor_thesis\data_sources\gsv\-38.164088199999995\145.1023343\121\gsv_0.jpg
-38.164088,-38.164088,121,D:\TensorFlow2\TFODCourse\minor_thesis\data_sources\gsv\-38.164088199999995\145.1023343\121\gsv_0.jpg
-38.164363,-38.164363,330,D:\TensorFlow2\TFODCourse\minor_thesis\data_sources\gsv\-38.16436262532307\145.10253737423116\330\gsv_0.jpg
-38.164440,-38.164440,330,D:\TensorFlow2\TFODCourse\minor_thesis\data_sources\gsv\-38.164440412676164\145.10259493705442\330\gsv_0.jpg
-38.164518,-38.164518,148,D:\TensorFlow2\TFODCourse\minor_thesis\data_sources\gsv\-38.1645182\145.1026525\148\gsv_0.jpg
-38.164592,-38.164592,145,D:\TensorFlow2\TFODCourse\minor_thesis\data_sources\gsv\-38.16459182433367\145.10271826256925\145\gsv_0.jpg
-38.164665,-38.164665,145,D:\TensorFlow2\TFODCourse\minor_thesis\data_sources\gsv\-38.16466544862959\145.10278402527072\145\gsv_0.jpg
-38.164607,-38.164607,325,D:\TensorFlow2\TFODCourse\minor_thesis\data_sources\gsv\-38.164606951461415\145.10273177441036\325\gsv_0.jpg
-38.164681,-38.164681,325,D:\TensorFlow2\TFODCourse\minor_thesis\data_sources\gsv\-38.16468057574958\145.10279753713903\325\gsv_0.jpg
-38.164754,-38.164754,147,D:\TensorFlow2\TFODCourse\minor_thesis\data_sources\gsv\-38.1647542\145.1028633\147\gsv_0.jpg
-38.164830,-38.164830,148,D:\TensorFlow2\TFODCourse\minor_thesis\data_sources\gsv\-38.164830345003175\145.10292428437393\148\gsv_0.jpg
-38.164906,-38.164906,148,D:\TensorFlow2\TFODCourse\minor_thesis\data_sources\gsv\-38.164906489973696\145.10298526887476\148\gsv_0.jpg
-38.166278,-38.166278,328,D:\TensorFlow2\TFODCourse\minor_thesis\data_sources\gsv\-38.166277611333086\145.10408342604867\328\gsv_0.jpg
-38.166354,-38.166354,328,D:\TensorFlow2\TFODCourse\minor_thesis\data_sources\gsv\-38.16635375568287\145.1041444129609\328\gsv_0.jpg
-38.166430,-38.166430,148,D:\TensorFlow2\TFODCourse\minor_thesis\data_sources\gsv\-38.1664299\145.1042054\148\gsv_0.jpg
-38.166507,-38.166507,149,D:\TensorFlow2\TFODCourse\minor_thesis\data_sources\gsv\-38.166506841905985\145.1042647593642\149\gsv_0.jpg
-38.166584,-38.166584,149,D:\TensorFlow2\TFODCourse\minor_thesis\data_sources\gsv\-38.16658378378095\145.10432411885316\149\gsv_0.jpg
-38.167086,-38.167086,329,D:\TensorFlow2\TFODCourse\minor_thesis\data_sources\gsv\-38.16708561674766\145.10471127901988\329\gsv_0.jpg
-38.167163,-38.167163,329,D:\TensorFlow2\TFODCourse\minor_thesis\data_sources\gsv\-38.167162558389336\145.10477063944754\329\gsv_0.jpg
-38.167240,-38.167240,149,D:\TensorFlow2\TFODCourse\minor_thesis\data_sources\gsv\-38.1672395\145.10483\149\gsv_0.jpg
-38.167316,-38.167316,149,D:\TensorFlow2\TFODCourse\minor_thesis\data_sources\gsv\-38.167316351064486\145.10488954850226\149\gsv_0.jpg
-38.167393,-38.167393,149,D:\TensorFlow2\TFODCourse\minor_thesis\data_sources\gsv\-38.16739320209778\145.10494909712952\149\gsv_0.jpg
-38.167902,-38.167902,329,D:\TensorFlow2\TFODCourse\minor_thesis\data_sources\gsv\-38.16790219844037\145.10534350071396\329\gsv_0.jpg
-38.167979,-38.167979,329,D:\TensorFlow2\TFODCourse\minor_thesis\data_sources\gsv\-38.16797904923579\145.10540305029446\329\gsv_0.jpg
-38.168056,-38.168056,149,D:\TensorFlow2\TFODCourse\minor_thesis\data_sources\gsv\-38.1680559\145.1054626\149\gsv_0.jpg
-38.164754,-38.164754,61,D:\TensorFlow2\TFODCourse\minor_thesis\data_sources\gsv\-38.1647542\145.1028633\61\gsv_0.jpg
-38.164711,-38.164711,61,D:\TensorFlow2\TFODCourse\minor_thesis\data_sources\gsv\-38.16471053054033\145.1029631069323\61\gsv_0.jpg
-38.164667,-38.164667,61,D:\TensorFlow2\TFODCourse\minor_thesis\data_sources\gsv\-38.16466686099553\145.10306291374548\61\gsv_0.jpg
-38.164275,-38.164275,202,D:\TensorFlow2\TFODCourse\minor_thesis\data_sources\gsv\-38.16427507813272\145.10349431102523\202\gsv_0.jpg
-38.164192,-38.164192,202,D:\TensorFlow2\TFODCourse\minor_thesis\data_sources\gsv\-38.164191789075005\145.10353780556207\202\gsv_0.jpg
-38.164108,-38.164108,22,D:\TensorFlow2\TFODCourse\minor_thesis\data_sources\gsv\-38.1641085\145.1035813\22\gsv_0.jpg
-38.164025,-38.164025,21,D:\TensorFlow2\TFODCourse\minor_thesis\data_sources\gsv\-38.16402462883889\145.10362296131837\21\gsv_0.jpg
-38.163941,-38.163941,21,D:\TensorFlow2\TFODCourse\minor_thesis\data_sources\gsv\-38.16394075766179\145.1036646225413\21\gsv_0.jpg
-38.163071,-38.163071,201,D:\TensorFlow2\TFODCourse\minor_thesis\data_sources\gsv\-38.16307134273342\145.10409647981956\201\gsv_0.jpg
-38.162987,-38.162987,201,D:\TensorFlow2\TFODCourse\minor_thesis\data_sources\gsv\-38.1629874713747\145.1041381399575\201\gsv_0.jpg
-38.162904,-38.162904,21,D:\TensorFlow2\TFODCourse\minor_thesis\data_sources\gsv\-38.1629036\145.1041798\21\gsv_0.jpg
-38.162819,-38.162819,21,D:\TensorFlow2\TFODCourse\minor_thesis\data_sources\gsv\-38.16281937485469\145.1042202988572\21\gsv_0.jpg
-38.162735,-38.162735,21,D:\TensorFlow2\TFODCourse\minor_thesis\data_sources\gsv\-38.16273514969419\145.10426079762124\21\gsv_0.jpg
-38.162115,-38.162115,279,D:\TensorFlow2\TFODCourse\minor_thesis\data_sources\gsv\-38.162114739699796\145.10542411738402\279\gsv_0.jpg
-38.162128,-38.162128,279,D:\TensorFlow2\TFODCourse\minor_thesis\data_sources\gsv\-38.162128369904075\145.105536908671\279\gsv_0.jpg
-38.162142,-38.162142,98,D:\TensorFlow2\TFODCourse\minor_thesis\data_sources\gsv\-38.162142\145.1056497\98\gsv_0.jpg
-38.162153,-38.162153,97,D:\TensorFlow2\TFODCourse\minor_thesis\data_sources\gsv\-38.16215312064249\145.10576293217085\97\gsv_0.jpg
-38.162164,-38.162164,97,D:\TensorFlow2\TFODCourse\minor_thesis\data_sources\gsv\-38.16216424117578\145.10587616437613\97\gsv_0.jpg
-38.162239,-38.162239,277,D:\TensorFlow2\TFODCourse\minor_thesis\data_sources\gsv\-38.16223856072051\145.10663293502648\277\gsv_0.jpg
-38.162250,-38.162250,277,D:\TensorFlow2\TFODCourse\minor_thesis\data_sources\gsv\-38.16224968041485\145.10674616749606\277\gsv_0.jpg
-38.162261,-38.162261,98,D:\TensorFlow2\TFODCourse\minor_thesis\data_sources\gsv\-38.1622608\145.1068594\98\gsv_0.jpg
-38.162274,-38.162274,98,D:\TensorFlow2\TFODCourse\minor_thesis\data_sources\gsv\-38.162273791477084\145.10697231236617\98\gsv_0.jpg
-38.162287,-38.162287,98,D:\TensorFlow2\TFODCourse\minor_thesis\data_sources\gsv\-38.162286782845584\145.10708522477245\98\gsv_0.jpg
-38.162654,-38.162654,329,D:\TensorFlow2\TFODCourse\minor_thesis\data_sources\gsv\-38.1626536343247\145.10898131679244\329\gsv_0.jpg
-38.162731,-38.162731,329,D:\TensorFlow2\TFODCourse\minor_thesis\data_sources\gsv\-38.1627309171775\145.10903995833434\329\gsv_0.jpg
-38.162808,-38.162808,149,D:\TensorFlow2\TFODCourse\minor_thesis\data_sources\gsv\-38.1628082\145.1090986\149\gsv_0.jpg
-38.162868,-38.162868,149,D:\TensorFlow2\TFODCourse\minor_thesis\data_sources\gsv\-38.1628678\145.10914379999997\149\gsv_0.jpg
-38.162868,-38.162868,149,D:\TensorFlow2\TFODCourse\minor_thesis\data_sources\gsv\-38.1628678\145.10914379999997\149\gsv_0.jpg
-38.163435,-38.163435,19,D:\TensorFlow2\TFODCourse\minor_thesis\data_sources\gsv\-38.16343493205502\145.10904104605743\19\gsv_0.jpg
-38.163520,-38.163520,19,D:\TensorFlow2\TFODCourse\minor_thesis\data_sources\gsv\-38.16352021603389\145.10900427307158\19\gsv_0.jpg
-38.163606,-38.163606,196,D:\TensorFlow2\TFODCourse\minor_thesis\data_sources\gsv\-38.1636055\145.1089675\196\gsv_0.jpg
-38.163693,-38.163693,194,D:\TensorFlow2\TFODCourse\minor_thesis\data_sources\gsv\-38.16369292914575\145.1089399701815\194\gsv_0.jpg
-38.163780,-38.163780,194,D:\TensorFlow2\TFODCourse\minor_thesis\data_sources\gsv\-38.16378035828375\145.10891244029725\194\gsv_0.jpg
-38.164372,-38.164372,7,D:\TensorFlow2\TFODCourse\minor_thesis\data_sources\gsv\-38.16437242743268\145.10874076715072\7\gsv_0.jpg
-38.164462,-38.164462,7,D:\TensorFlow2\TFODCourse\minor_thesis\data_sources\gsv\-38.164461763717945\145.10872603359334\7\gsv_0.jpg
-38.164551,-38.164551,179,D:\TensorFlow2\TFODCourse\minor_thesis\data_sources\gsv\-38.1645511\145.1087113\179\gsv_0.jpg
-38.164639,-38.164639,168,D:\TensorFlow2\TFODCourse\minor_thesis\data_sources\gsv\-38.16463936497262\145.10873415428694\168\gsv_0.jpg
-38.164728,-38.164728,168,D:\TensorFlow2\TFODCourse\minor_thesis\data_sources\gsv\-38.16472762993947\145.10875700862897\168\gsv_0.jpg
-38.165655,-38.165655,328,D:\TensorFlow2\TFODCourse\minor_thesis\data_sources\gsv\-38.16565541992733\145.10948830980155\328\gsv_0.jpg
-38.165732,-38.165732,328,D:\TensorFlow2\TFODCourse\minor_thesis\data_sources\gsv\-38.165731509980056\145.10954940483728\328\gsv_0.jpg
-38.165808,-38.165808,148,D:\TensorFlow2\TFODCourse\minor_thesis\data_sources\gsv\-38.1658076\145.1096105\148\gsv_0.jpg
-38.162142,-38.162142,183,D:\TensorFlow2\TFODCourse\minor_thesis\data_sources\gsv\-38.162142\145.1056497\183\gsv_0.jpg
-38.162232,-38.162232,183,D:\TensorFlow2\TFODCourse\minor_thesis\data_sources\gsv\-38.16223199127116\145.10564434715016\183\gsv_0.jpg
-38.162322,-38.162322,183,D:\TensorFlow2\TFODCourse\minor_thesis\data_sources\gsv\-38.162321982540696\145.1056389942872\183\gsv_0.jpg
-38.163835,-38.163835,310,D:\TensorFlow2\TFODCourse\minor_thesis\data_sources\gsv\-38.16383503244614\145.10642230558412\310\gsv_0.jpg
-38.163893,-38.163893,310,D:\TensorFlow2\TFODCourse\minor_thesis\data_sources\gsv\-38.16389276625602\145.106509902723\310\gsv_0.jpg
-38.163950,-38.163950,126,D:\TensorFlow2\TFODCourse\minor_thesis\data_sources\gsv\-38.1639505\145.1065975\126\gsv_0.jpg
-38.163998,-38.163998,122,D:\TensorFlow2\TFODCourse\minor_thesis\data_sources\gsv\-38.16399760650235\145.1066947660806\122\gsv_0.jpg
-38.164045,-38.164045,122,D:\TensorFlow2\TFODCourse\minor_thesis\data_sources\gsv\-38.164044712923776\145.10679203228642\122\gsv_0.jpg
-38.164481,-38.164481,295,D:\TensorFlow2\TFODCourse\minor_thesis\data_sources\gsv\-38.1644814\145.1085218\295\gsv_0.jpg
-38.164513,-38.164513,295,D:\TensorFlow2\TFODCourse\minor_thesis\data_sources\gsv\-38.16451305566661\145.10860786511483\295\gsv_0.jpg
-38.164551,-38.164551,115,D:\TensorFlow2\TFODCourse\minor_thesis\data_sources\gsv\-38.1645511\145.1087113\115\gsv_0.jpg
-38.162261,-38.162261,189,D:\TensorFlow2\TFODCourse\minor_thesis\data_sources\gsv\-38.1622608\145.1068594\189\gsv_0.jpg
-38.162350,-38.162350,189,D:\TensorFlow2\TFODCourse\minor_thesis\data_sources\gsv\-38.16234965631793\145.10684057782484\189\gsv_0.jpg
-38.162439,-38.162439,189,D:\TensorFlow2\TFODCourse\minor_thesis\data_sources\gsv\-38.16243851263148\145.106821755604\189\gsv_0.jpg
-38.163560,-38.163560,285,D:\TensorFlow2\TFODCourse\minor_thesis\data_sources\gsv\-38.163560359228526\145.1087465639168\285\gsv_0.jpg
-38.163583,-38.163583,285,D:\TensorFlow2\TFODCourse\minor_thesis\data_sources\gsv\-38.16358292966626\145.10885703192434\285\gsv_0.jpg
-38.163606,-38.163606,105,D:\TensorFlow2\TFODCourse\minor_thesis\data_sources\gsv\-38.1636055\145.1089675\105\gsv_0.jpg
-38.163950,-38.163950,212,D:\TensorFlow2\TFODCourse\minor_thesis\data_sources\gsv\-38.1639505\145.1065975\212\gsv_0.jpg
-38.164027,-38.164027,212,D:\TensorFlow2\TFODCourse\minor_thesis\data_sources\gsv\-38.164026984651905\145.1065372019933\212\gsv_0.jpg
-38.164103,-38.164103,212,D:\TensorFlow2\TFODCourse\minor_thesis\data_sources\gsv\-38.16410346927185\145.10647690386054\212\gsv_0.jpg
-38.164565,-38.164565,32,D:\TensorFlow2\TFODCourse\minor_thesis\data_sources\gsv\-38.16456493124161\145.1061130981638\32\gsv_0.jpg
-38.164641,-38.164641,32,D:\TensorFlow2\TFODCourse\minor_thesis\data_sources\gsv\-38.16464141563678\145.10605279914492\32\gsv_0.jpg
-38.164718,-38.164718,213,D:\TensorFlow2\TFODCourse\minor_thesis\data_sources\gsv\-38.1647179\145.1059925\213\gsv_0.jpg
-38.164792,-38.164792,214,D:\TensorFlow2\TFODCourse\minor_thesis\data_sources\gsv\-38.164792182692565\145.10592793592508\214\gsv_0.jpg
-38.164866,-38.164866,214,D:\TensorFlow2\TFODCourse\minor_thesis\data_sources\gsv\-38.1648664653487\145.10586337171912\214\gsv_0.jpg
-38.165331,-38.165331,34,D:\TensorFlow2\TFODCourse\minor_thesis\data_sources\gsv\-38.165331435253194\145.10545923044538\34\gsv_0.jpg
-38.165406,-38.165406,34,D:\TensorFlow2\TFODCourse\minor_thesis\data_sources\gsv\-38.165405717644816\145.1053946652882\34\gsv_0.jpg
-38.165480,-38.165480,215,D:\TensorFlow2\TFODCourse\minor_thesis\data_sources\gsv\-38.16548\145.1053301\215\gsv_0.jpg
-38.165554,-38.165554,215,D:\TensorFlow2\TFODCourse\minor_thesis\data_sources\gsv\-38.16555364912826\145.10526438114437\215\gsv_0.jpg
-38.165627,-38.165627,215,D:\TensorFlow2\TFODCourse\minor_thesis\data_sources\gsv\-38.16562729821883\145.10519866215645\215\gsv_0.jpg
-38.166330,-38.166330,56,D:\TensorFlow2\TFODCourse\minor_thesis\data_sources\gsv\-38.166329871278876\145.10439522325194\56\gsv_0.jpg
-38.166380,-38.166380,56,D:\TensorFlow2\TFODCourse\minor_thesis\data_sources\gsv\-38.166379885678005\145.10430031169082\56\gsv_0.jpg
-38.166430,-38.166430,236,D:\TensorFlow2\TFODCourse\minor_thesis\data_sources\gsv\-38.1664299\145.1042054\236\gsv_0.jpg
-38.164108,-38.164108,114,D:\TensorFlow2\TFODCourse\minor_thesis\data_sources\gsv\-38.1641085\145.1035813\114\gsv_0.jpg
-38.164146,-38.164146,114,D:\TensorFlow2\TFODCourse\minor_thesis\data_sources\gsv\-38.164145526644454\145.10368532509767\114\gsv_0.jpg
-38.164183,-38.164183,114,D:\TensorFlow2\TFODCourse\minor_thesis\data_sources\gsv\-38.16418255319653\145.10378935030056\114\gsv_0.jpg
-38.165370,-38.165370,308,D:\TensorFlow2\TFODCourse\minor_thesis\data_sources\gsv\-38.16537024430525\145.10514910768447\308\gsv_0.jpg
-38.165425,-38.165425,308,D:\TensorFlow2\TFODCourse\minor_thesis\data_sources\gsv\-38.16542512218775\145.1052396037744\308\gsv_0.jpg
-38.165480,-38.165480,123,D:\TensorFlow2\TFODCourse\minor_thesis\data_sources\gsv\-38.16548\145.1053301\123\gsv_0.jpg
-38.165523,-38.165523,119,D:\TensorFlow2\TFODCourse\minor_thesis\data_sources\gsv\-38.16552307515238\145.10543032145299\119\gsv_0.jpg
-38.165566,-38.165566,119,D:\TensorFlow2\TFODCourse\minor_thesis\data_sources\gsv\-38.1655661502189\145.10553054302392\119\gsv_0.jpg
-38.166992,-38.166992,328,D:\TensorFlow2\TFODCourse\minor_thesis\data_sources\gsv\-38.16699228689385\145.1074343882593\328\gsv_0.jpg
-38.167069,-38.167069,328,D:\TensorFlow2\TFODCourse\minor_thesis\data_sources\gsv\-38.167068793462875\145.10749464406666\328\gsv_0.jpg
-38.167145,-38.167145,148,D:\TensorFlow2\TFODCourse\minor_thesis\data_sources\gsv\-38.1671453\145.1075549\148\gsv_0.jpg
-38.175601,-38.175601,58,D:\TensorFlow2\TFODCourse\minor_thesis\data_sources\gsv\-38.1756013\145.1096293\58\gsv_0.jpg
-38.175554,-38.175554,58,D:\TensorFlow2\TFODCourse\minor_thesis\data_sources\gsv\-38.175553687114686\145.1097261850092\58\gsv_0.jpg
-38.175506,-38.175506,58,D:\TensorFlow2\TFODCourse\minor_thesis\data_sources\gsv\-38.17550607414906\145.10982306989231\58\gsv_0.jpg
-38.178757,-38.178757,240,D:\TensorFlow2\TFODCourse\minor_thesis\data_sources\gsv\-38.17875735225613\145.10574355166705\240\gsv_0.jpg
-38.178712,-38.178712,240,D:\TensorFlow2\TFODCourse\minor_thesis\data_sources\gsv\-38.17871167616945\145.10584192589494\240\gsv_0.jpg
-38.178666,-38.178666,59,D:\TensorFlow2\TFODCourse\minor_thesis\data_sources\gsv\-38.178666\145.1059403\59\gsv_0.jpg
-38.178619,-38.178619,59,D:\TensorFlow2\TFODCourse\minor_thesis\data_sources\gsv\-38.178619458810765\145.10603802118297\59\gsv_0.jpg
-38.178573,-38.178573,59,D:\TensorFlow2\TFODCourse\minor_thesis\data_sources\gsv\-38.17857291753983\145.1061357422416\59\gsv_0.jpg
-38.175942,-38.175942,150,D:\TensorFlow2\TFODCourse\minor_thesis\data_sources\gsv\-38.175942130236635\145.107302167609\150\gsv_0.jpg
-38.175864,-38.175864,150,D:\TensorFlow2\TFODCourse\minor_thesis\data_sources\gsv\-38.175863915132496\145.10724553374394\150\gsv_0.jpg
-38.175786,-38.175786,330,D:\TensorFlow2\TFODCourse\minor_thesis\data_sources\gsv\-38.1757857\145.1071889\330\gsv_0.jpg
-38.176995,-38.176995,282,D:\TensorFlow2\TFODCourse\minor_thesis\data_sources\gsv\-38.176995033555514\145.10445971764423\282\gsv_0.jpg
-38.177014,-38.177014,282,D:\TensorFlow2\TFODCourse\minor_thesis\data_sources\gsv\-38.17701446683067\145.1045711587925\282\gsv_0.jpg
-38.177034,-38.177034,63,D:\TensorFlow2\TFODCourse\minor_thesis\data_sources\gsv\-38.1770339\145.1046826\63\gsv_0.jpg
-38.176986,-38.176986,58,D:\TensorFlow2\TFODCourse\minor_thesis\data_sources\gsv\-38.17698583030836\145.10477912422576\58\gsv_0.jpg
-38.176938,-38.176938,58,D:\TensorFlow2\TFODCourse\minor_thesis\data_sources\gsv\-38.176937760536994\145.1048756483247\58\gsv_0.jpg
-38.175882,-38.175882,238,D:\TensorFlow2\TFODCourse\minor_thesis\data_sources\gsv\-38.17588184328467\145.10699585775384\238\gsv_0.jpg
-38.175834,-38.175834,238,D:\TensorFlow2\TFODCourse\minor_thesis\data_sources\gsv\-38.17583377168221\145.10709237894034\238\gsv_0.jpg
-38.175786,-38.175786,59,D:\TensorFlow2\TFODCourse\minor_thesis\data_sources\gsv\-38.1757857\145.1071889\59\gsv_0.jpg
-38.175750,-38.175750,67,D:\TensorFlow2\TFODCourse\minor_thesis\data_sources\gsv\-38.17575033839111\145.10729386702732\67\gsv_0.jpg
-38.175715,-38.175715,67,D:\TensorFlow2\TFODCourse\minor_thesis\data_sources\gsv\-38.1757149766882\145.10739883395317\67\gsv_0.jpg
-38.175178,-38.175178,238,D:\TensorFlow2\TFODCourse\minor_thesis\data_sources\gsv\-38.17517798009498\145.10903788902957\238\gsv_0.jpg
-38.175130,-38.175130,238,D:\TensorFlow2\TFODCourse\minor_thesis\data_sources\gsv\-38.17512989008735\145.1091343945782\238\gsv_0.jpg
-38.175082,-38.175082,58,D:\TensorFlow2\TFODCourse\minor_thesis\data_sources\gsv\-38.1750818\145.1092309\58\gsv_0.jpg
-38.174507,-38.174507,148,D:\TensorFlow2\TFODCourse\minor_thesis\data_sources\gsv\-38.1745069\145.1000847\148\gsv_0.jpg
-38.174583,-38.174583,148,D:\TensorFlow2\TFODCourse\minor_thesis\data_sources\gsv\-38.174583212934884\145.10014535450722\148\gsv_0.jpg
-38.174660,-38.174660,148,D:\TensorFlow2\TFODCourse\minor_thesis\data_sources\gsv\-38.17465952583744\145.10020600914092\148\gsv_0.jpg
-38.176264,-38.176264,328,D:\TensorFlow2\TFODCourse\minor_thesis\data_sources\gsv\-38.17626397565107\145.10148128503343\328\gsv_0.jpg
-38.176340,-38.176340,328,D:\TensorFlow2\TFODCourse\minor_thesis\data_sources\gsv\-38.176340287841704\145.10154194245345\328\gsv_0.jpg
-38.176417,-38.176417,148,D:\TensorFlow2\TFODCourse\minor_thesis\data_sources\gsv\-38.1764166\145.1016026\148\gsv_0.jpg
-38.176493,-38.176493,147,D:\TensorFlow2\TFODCourse\minor_thesis\data_sources\gsv\-38.17649254464336\145.10166399336194\147\gsv_0.jpg
-38.176548,-38.176548,147,D:\TensorFlow2\TFODCourse\minor_thesis\data_sources\gsv\-38.17654759999999\145.1017085\147\gsv_0.jpg
-38.176417,-38.176417,327,D:\TensorFlow2\TFODCourse\minor_thesis\data_sources\gsv\-38.17641660000002\145.1016026\327\gsv_0.jpg
-38.176472,-38.176472,327,D:\TensorFlow2\TFODCourse\minor_thesis\data_sources\gsv\-38.176471655380624\145.1016471065457\327\gsv_0.jpg
-38.176548,-38.176548,149,D:\TensorFlow2\TFODCourse\minor_thesis\data_sources\gsv\-38.1765476\145.1017085\149\gsv_0.jpg
-38.176625,-38.176625,149,D:\TensorFlow2\TFODCourse\minor_thesis\data_sources\gsv\-38.176624970144154\145.10176696730738\149\gsv_0.jpg
-38.176702,-38.176702,149,D:\TensorFlow2\TFODCourse\minor_thesis\data_sources\gsv\-38.17670234025819\145.1018254347384\149\gsv_0.jpg
-38.177674,-38.177674,329,D:\TensorFlow2\TFODCourse\minor_thesis\data_sources\gsv\-38.17767406061925\145.10255976166124\329\gsv_0.jpg
-38.177751,-38.177751,329,D:\TensorFlow2\TFODCourse\minor_thesis\data_sources\gsv\-38.1777514303247\145.10261823076877\329\gsv_0.jpg
-38.177829,-38.177829,148,D:\TensorFlow2\TFODCourse\minor_thesis\data_sources\gsv\-38.1778288\145.1026767\148\gsv_0.jpg
-38.177904,-38.177904,146,D:\TensorFlow2\TFODCourse\minor_thesis\data_sources\gsv\-38.177903908235514\145.10273972418403\146\gsv_0.jpg
-38.177979,-38.177979,146,D:\TensorFlow2\TFODCourse\minor_thesis\data_sources\gsv\-38.17797901643623\145.1028027484975\146\gsv_0.jpg
-38.174276,-38.174276,330,D:\TensorFlow2\TFODCourse\minor_thesis\data_sources\gsv\-38.17427610867513\145.09991293868075\330\gsv_0.jpg
-38.174355,-38.174355,330,D:\TensorFlow2\TFODCourse\minor_thesis\data_sources\gsv\-38.174354504351555\145.09996916928012\330\gsv_0.jpg
-38.174433,-38.174433,150,D:\TensorFlow2\TFODCourse\minor_thesis\data_sources\gsv\-38.1744329\145.1000254\150\gsv_0.jpg
-38.173991,-38.173991,186,D:\TensorFlow2\TFODCourse\minor_thesis\data_sources\gsv\-38.173991\145.1051738\186\gsv_0.jpg
-38.174081,-38.174081,186,D:\TensorFlow2\TFODCourse\minor_thesis\data_sources\gsv\-38.17408055841722\145.10516141755812\186\gsv_0.jpg
-38.174170,-38.174170,186,D:\TensorFlow2\TFODCourse\minor_thesis\data_sources\gsv\-38.17417011683175\145.10514903508596\186\gsv_0.jpg
-38.176453,-38.176453,58,D:\TensorFlow2\TFODCourse\minor_thesis\data_sources\gsv\-38.17645319981587\145.10190291964747\58\gsv_0.jpg
-38.176500,-38.176500,58,D:\TensorFlow2\TFODCourse\minor_thesis\data_sources\gsv\-38.17650039994835\145.10180570988643\58\gsv_0.jpg
-38.176548,-38.176548,238,D:\TensorFlow2\TFODCourse\minor_thesis\data_sources\gsv\-38.1765476\145.1017085\238\gsv_0.jpg
-38.173809,-38.173809,95,D:\TensorFlow2\TFODCourse\minor_thesis\data_sources\gsv\-38.17380937356817\145.09438504727322\95\gsv_0.jpg
-38.173801,-38.173801,95,D:\TensorFlow2\TFODCourse\minor_thesis\data_sources\gsv\-38.1738013868391\145.09427137362422\95\gsv_0.jpg
-38.173793,-38.173793,275,D:\TensorFlow2\TFODCourse\minor_thesis\data_sources\gsv\-38.1737934\145.0941577\275\gsv_0.jpg
-38.172950,-38.172950,105,D:\TensorFlow2\TFODCourse\minor_thesis\data_sources\gsv\-38.17295006594799\145.0946920844459\105\gsv_0.jpg
-38.172926,-38.172926,105,D:\TensorFlow2\TFODCourse\minor_thesis\data_sources\gsv\-38.17292648302569\145.09458194218746\105\gsv_0.jpg
-38.172903,-38.172903,285,D:\TensorFlow2\TFODCourse\minor_thesis\data_sources\gsv\-38.1729029\145.0944718\285\gsv_0.jpg
-38.168240,-38.168240,297,D:\TensorFlow2\TFODCourse\minor_thesis\data_sources\gsv\-38.1682396\145.0967608\297\gsv_0.jpg
-38.168198,-38.168198,297,D:\TensorFlow2\TFODCourse\minor_thesis\data_sources\gsv\-38.168198209677726\145.09665944216664\297\gsv_0.jpg
-38.168157,-38.168157,297,D:\TensorFlow2\TFODCourse\minor_thesis\data_sources\gsv\-38.168156819267686\145.0965580844479\297\gsv_0.jpg
-38.167291,-38.167291,117,D:\TensorFlow2\TFODCourse\minor_thesis\data_sources\gsv\-38.16729148475317\145.09443911030073\117\gsv_0.jpg
-38.167250,-38.167250,117,D:\TensorFlow2\TFODCourse\minor_thesis\data_sources\gsv\-38.16725009242048\145.09433775509302\117\gsv_0.jpg
-38.167209,-38.167209,297,D:\TensorFlow2\TFODCourse\minor_thesis\data_sources\gsv\-38.1672087\145.0942364\297\gsv_0.jpg
-38.167168,-38.167168,297,D:\TensorFlow2\TFODCourse\minor_thesis\data_sources\gsv\-38.16716832661679\145.0941343876214\297\gsv_0.jpg
-38.167128,-38.167128,297,D:\TensorFlow2\TFODCourse\minor_thesis\data_sources\gsv\-38.16712795314468\145.09403237535537\297\gsv_0.jpg
-38.166843,-38.166843,117,D:\TensorFlow2\TFODCourse\minor_thesis\data_sources\gsv\-38.166843448463624\145.09331352260858\117\gsv_0.jpg
-38.166803,-38.166803,117,D:\TensorFlow2\TFODCourse\minor_thesis\data_sources\gsv\-38.16680307427626\145.09321151124803\117\gsv_0.jpg
-38.166763,-38.166763,297,D:\TensorFlow2\TFODCourse\minor_thesis\data_sources\gsv\-38.1667627\145.0931095\297\gsv_0.jpg
-38.166720,-38.166720,299,D:\TensorFlow2\TFODCourse\minor_thesis\data_sources\gsv\-38.16671968709565\145.09300923397325\299\gsv_0.jpg
-38.166677,-38.166677,299,D:\TensorFlow2\TFODCourse\minor_thesis\data_sources\gsv\-38.166676674105375\145.09290896806436\299\gsv_0.jpg
-38.166629,-38.166629,119,D:\TensorFlow2\TFODCourse\minor_thesis\data_sources\gsv\-38.16662942642705\145.0927988312054\119\gsv_0.jpg
-38.166586,-38.166586,119,D:\TensorFlow2\TFODCourse\minor_thesis\data_sources\gsv\-38.16658641325648\145.09269856554377\119\gsv_0.jpg
-38.166543,-38.166543,298,D:\TensorFlow2\TFODCourse\minor_thesis\data_sources\gsv\-38.1665434\145.0925983\298\gsv_0.jpg
-38.166502,-38.166502,297,D:\TensorFlow2\TFODCourse\minor_thesis\data_sources\gsv\-38.166501817209365\145.09249707097933\297\gsv_0.jpg
-38.166460,-38.166460,297,D:\TensorFlow2\TFODCourse\minor_thesis\data_sources\gsv\-38.16646023433115\145.0923958420737\297\gsv_0.jpg
-38.166033,-38.166033,17,D:\TensorFlow2\TFODCourse\minor_thesis\data_sources\gsv\-38.1660331\145.0990819\17\gsv_0.jpg
-38.165960,-38.165960,17,D:\TensorFlow2\TFODCourse\minor_thesis\data_sources\gsv\-38.16596049999999\145.0991105\17\gsv_0.jpg
-38.165960,-38.165960,17,D:\TensorFlow2\TFODCourse\minor_thesis\data_sources\gsv\-38.16596049999999\145.0991105\17\gsv_0.jpg
-38.165731,-38.165731,41,D:\TensorFlow2\TFODCourse\minor_thesis\data_sources\gsv\-38.1657307818646\145.0955380848855\41\gsv_0.jpg
-38.165799,-38.165799,41,D:\TensorFlow2\TFODCourse\minor_thesis\data_sources\gsv\-38.165798890956445\145.09546339251224\41\gsv_0.jpg
-38.165867,-38.165867,219,D:\TensorFlow2\TFODCourse\minor_thesis\data_sources\gsv\-38.165867\145.0953887\219\gsv_0.jpg
-38.165941,-38.165941,214,D:\TensorFlow2\TFODCourse\minor_thesis\data_sources\gsv\-38.16594146612287\145.09532447482746\214\gsv_0.jpg
-38.165969,-38.165969,214,D:\TensorFlow2\TFODCourse\minor_thesis\data_sources\gsv\-38.1659688\145.0953009\214\gsv_0.jpg
-38.167058,-38.167058,33,D:\TensorFlow2\TFODCourse\minor_thesis\data_sources\gsv\-38.16705757955415\145.09436068445785\33\gsv_0.jpg
-38.167133,-38.167133,33,D:\TensorFlow2\TFODCourse\minor_thesis\data_sources\gsv\-38.16713313979401\145.09429854229307\33\gsv_0.jpg
-38.167209,-38.167209,213,D:\TensorFlow2\TFODCourse\minor_thesis\data_sources\gsv\-38.1672087\145.0942364\213\gsv_0.jpg
-38.165356,-38.165356,33,D:\TensorFlow2\TFODCourse\minor_thesis\data_sources\gsv\-38.165355593958324\145.09481119890978\33\gsv_0.jpg
-38.165431,-38.165431,33,D:\TensorFlow2\TFODCourse\minor_thesis\data_sources\gsv\-38.1654310469962\145.09474884951914\33\gsv_0.jpg
-38.165506,-38.165506,213,D:\TensorFlow2\TFODCourse\minor_thesis\data_sources\gsv\-38.1655065\145.0946865\213\gsv_0.jpg
-38.165506,-38.165506,133,D:\TensorFlow2\TFODCourse\minor_thesis\data_sources\gsv\-38.1655065\145.0946865\133\gsv_0.jpg
-38.165567,-38.165567,133,D:\TensorFlow2\TFODCourse\minor_thesis\data_sources\gsv\-38.165567425371\145.0947705597251\133\gsv_0.jpg
-38.165591,-38.165591,133,D:\TensorFlow2\TFODCourse\minor_thesis\data_sources\gsv\-38.16559130000001\145.0948035\133\gsv_0.jpg
-38.165831,-38.165831,297,D:\TensorFlow2\TFODCourse\minor_thesis\data_sources\gsv\-38.16583059999999\145.0952996\297\gsv_0.jpg
-38.165831,-38.165831,297,D:\TensorFlow2\TFODCourse\minor_thesis\data_sources\gsv\-38.16583059999999\145.0952996\297\gsv_0.jpg
-38.165867,-38.165867,117,D:\TensorFlow2\TFODCourse\minor_thesis\data_sources\gsv\-38.165867\145.0953887\117\gsv_0.jpg
-38.170103,-38.170103,114,D:\TensorFlow2\TFODCourse\minor_thesis\data_sources\gsv\-38.1701031\145.0954865\114\gsv_0.jpg
-38.170140,-38.170140,114,D:\TensorFlow2\TFODCourse\minor_thesis\data_sources\gsv\-38.1701398780929\145.0955906749623\114\gsv_0.jpg
-38.170177,-38.170177,114,D:\TensorFlow2\TFODCourse\minor_thesis\data_sources\gsv\-38.170176656093155\145.09569485002928\114\gsv_0.jpg
-38.170688,-38.170688,290,D:\TensorFlow2\TFODCourse\minor_thesis\data_sources\gsv\-38.17068789999999\145.09647\290\gsv_0.jpg
-38.170699,-38.170699,290,D:\TensorFlow2\TFODCourse\minor_thesis\data_sources\gsv\-38.1706990079305\145.09650798695097\290\gsv_0.jpg
-38.170730,-38.170730,110,D:\TensorFlow2\TFODCourse\minor_thesis\data_sources\gsv\-38.1707303\145.096615\110\gsv_0.jpg
-38.170762,-38.170762,110,D:\TensorFlow2\TFODCourse\minor_thesis\data_sources\gsv\-38.17076155465205\145.09672203063874\110\gsv_0.jpg
-38.170793,-38.170793,110,D:\TensorFlow2\TFODCourse\minor_thesis\data_sources\gsv\-38.17079280920638\145.0968290613689\110\gsv_0.jpg
-38.170863,-38.170863,299,D:\TensorFlow2\TFODCourse\minor_thesis\data_sources\gsv\-38.1708634\145.0970708\299\gsv_0.jpg
-38.170907,-38.170907,299,D:\TensorFlow2\TFODCourse\minor_thesis\data_sources\gsv\-38.1709069161982\145.09716874850764\299\gsv_0.jpg
-38.170951,-38.170951,130,D:\TensorFlow2\TFODCourse\minor_thesis\data_sources\gsv\-38.1709511\145.0972682\130\gsv_0.jpg
-38.171013,-38.171013,134,D:\TensorFlow2\TFODCourse\minor_thesis\data_sources\gsv\-38.171013263932835\145.09735079816124\134\gsv_0.jpg
-38.171075,-38.171075,134,D:\TensorFlow2\TFODCourse\minor_thesis\data_sources\gsv\-38.171075427806926\145.09743339646283\134\gsv_0.jpg
-38.171727,-38.171727,347,D:\TensorFlow2\TFODCourse\minor_thesis\data_sources\gsv\-38.171726832806385\145.0979040345201\347\gsv_0.jpg
-38.171815,-38.171815,347,D:\TensorFlow2\TFODCourse\minor_thesis\data_sources\gsv\-38.17181466640659\145.09792941722958\347\gsv_0.jpg
-38.171903,-38.171903,181,D:\TensorFlow2\TFODCourse\minor_thesis\data_sources\gsv\-38.1719025\145.0979548\181\gsv_0.jpg
-38.171991,-38.171991,191,D:\TensorFlow2\TFODCourse\minor_thesis\data_sources\gsv\-38.17199088221946\145.09793268307251\191\gsv_0.jpg
-38.172079,-38.172079,191,D:\TensorFlow2\TFODCourse\minor_thesis\data_sources\gsv\-38.17207926443343\145.09791056609157\191\gsv_0.jpg
-38.172494,-38.172494,18,D:\TensorFlow2\TFODCourse\minor_thesis\data_sources\gsv\-38.17249380565425\145.09777708073543\18\gsv_0.jpg
-38.172579,-38.172579,18,D:\TensorFlow2\TFODCourse\minor_thesis\data_sources\gsv\-38.172579402833136\145.09774149040933\18\gsv_0.jpg
-38.172665,-38.172665,198,D:\TensorFlow2\TFODCourse\minor_thesis\data_sources\gsv\-38.172665\145.0977059\198\gsv_0.jpg
-38.170730,-38.170730,197,D:\TensorFlow2\TFODCourse\minor_thesis\data_sources\gsv\-38.1707303\145.096615\197\gsv_0.jpg
-38.170816,-38.170816,197,D:\TensorFlow2\TFODCourse\minor_thesis\data_sources\gsv\-38.170816366520604\145.09658127552456\197\gsv_0.jpg
-38.170902,-38.170902,197,D:\TensorFlow2\TFODCourse\minor_thesis\data_sources\gsv\-38.17090243303026\145.09654755096977\197\gsv_0.jpg
-38.171805,-38.171805,17,D:\TensorFlow2\TFODCourse\minor_thesis\data_sources\gsv\-38.1718045672431\145.0961940510103\17\gsv_0.jpg
-38.171891,-38.171891,17,D:\TensorFlow2\TFODCourse\minor_thesis\data_sources\gsv\-38.17189063362702\145.0961603255448\17\gsv_0.jpg
-38.171977,-38.171977,197,D:\TensorFlow2\TFODCourse\minor_thesis\data_sources\gsv\-38.1719767\145.0961266\197\gsv_0.jpg
-38.169807,-38.169807,298,D:\TensorFlow2\TFODCourse\minor_thesis\data_sources\gsv\-38.169807424165576\145.09309057230357\298\gsv_0.jpg
-38.169850,-38.169850,298,D:\TensorFlow2\TFODCourse\minor_thesis\data_sources\gsv\-38.16984971212617\145.09319133609358\298\gsv_0.jpg
-38.169892,-38.169892,118,D:\TensorFlow2\TFODCourse\minor_thesis\data_sources\gsv\-38.169892\145.0932921\118\gsv_0.jpg
-38.169934,-38.169934,117,D:\TensorFlow2\TFODCourse\minor_thesis\data_sources\gsv\-38.16993353796069\145.09339336321932\117\gsv_0.jpg
-38.169975,-38.169975,117,D:\TensorFlow2\TFODCourse\minor_thesis\data_sources\gsv\-38.16997507583375\145.09349462655356\117\gsv_0.jpg
-38.169932,-38.169932,297,D:\TensorFlow2\TFODCourse\minor_thesis\data_sources\gsv\-38.169932024335075\145.09338967322495\297\gsv_0.jpg
-38.169974,-38.169974,297,D:\TensorFlow2\TFODCourse\minor_thesis\data_sources\gsv\-38.16997356221135\145.09349093655499\297\gsv_0.jpg
-38.170015,-38.170015,117,D:\TensorFlow2\TFODCourse\minor_thesis\data_sources\gsv\-38.1700151\145.0935922\117\gsv_0.jpg
-38.170056,-38.170056,117,D:\TensorFlow2\TFODCourse\minor_thesis\data_sources\gsv\-38.170055670377934\145.0936940908608\117\gsv_0.jpg
-38.170096,-38.170096,117,D:\TensorFlow2\TFODCourse\minor_thesis\data_sources\gsv\-38.17009624066718\145.09379598183455\117\gsv_0.jpg
-38.170602,-38.170602,297,D:\TensorFlow2\TFODCourse\minor_thesis\data_sources\gsv\-38.17060216189944\145.0950666148964\297\gsv_0.jpg
-38.170643,-38.170643,297,D:\TensorFlow2\TFODCourse\minor_thesis\data_sources\gsv\-38.17064273099406\145.09516850739172\297\gsv_0.jpg
-38.170683,-38.170683,117,D:\TensorFlow2\TFODCourse\minor_thesis\data_sources\gsv\-38.1706833\145.0952704\117\gsv_0.jpg
-38.170951,-38.170951,28,D:\TensorFlow2\TFODCourse\minor_thesis\data_sources\gsv\-38.1709511\145.0972682\28\gsv_0.jpg
-38.170871,-38.170871,28,D:\TensorFlow2\TFODCourse\minor_thesis\data_sources\gsv\-38.17087132309372\145.09732121929198\28\gsv_0.jpg
-38.170792,-38.170792,28,D:\TensorFlow2\TFODCourse\minor_thesis\data_sources\gsv\-38.17079154616242\145.09737423846835\28\gsv_0.jpg
-38.167143,-38.167143,124,D:\TensorFlow2\TFODCourse\minor_thesis\data_sources\gsv\-38.16714320240338\145.09790026732205\124\gsv_0.jpg
-38.167093,-38.167093,124,D:\TensorFlow2\TFODCourse\minor_thesis\data_sources\gsv\-38.167092801239995\145.0978056835959\124\gsv_0.jpg
-38.167042,-38.167042,304,D:\TensorFlow2\TFODCourse\minor_thesis\data_sources\gsv\-38.1670424\145.0977111\304\gsv_0.jpg
-38.170227,-38.170227,275,D:\TensorFlow2\TFODCourse\minor_thesis\data_sources\gsv\-38.1702273\145.10035\275\gsv_0.jpg
-38.170232,-38.170232,275,D:\TensorFlow2\TFODCourse\minor_thesis\data_sources\gsv\-38.170231606513504\145.1004144886607\275\gsv_0.jpg
-38.170239,-38.170239,95,D:\TensorFlow2\TFODCourse\minor_thesis\data_sources\gsv\-38.1702392\145.1005282\95\gsv_0.jpg
-38.173916,-38.173916,329,D:\TensorFlow2\TFODCourse\minor_thesis\data_sources\gsv\-38.1739164\145.1058551\329\gsv_0.jpg
-38.173839,-38.173839,329,D:\TensorFlow2\TFODCourse\minor_thesis\data_sources\gsv\-38.173839293282775\145.10579607896858\329\gsv_0.jpg
-38.173762,-38.173762,329,D:\TensorFlow2\TFODCourse\minor_thesis\data_sources\gsv\-38.17376218653488\145.1057370580615\329\gsv_0.jpg
-38.170607,-38.170607,149,D:\TensorFlow2\TFODCourse\minor_thesis\data_sources\gsv\-38.17060721609807\145.10332223126426\149\gsv_0.jpg
-38.170530,-38.170530,149,D:\TensorFlow2\TFODCourse\minor_thesis\data_sources\gsv\-38.170530108064376\145.10326321556994\149\gsv_0.jpg
-38.170453,-38.170453,329,D:\TensorFlow2\TFODCourse\minor_thesis\data_sources\gsv\-38.170453\145.1032042\329\gsv_0.jpg
-38.170083,-38.170083,58,D:\TensorFlow2\TFODCourse\minor_thesis\data_sources\gsv\-38.1700835\145.1053486\58\gsv_0.jpg
-38.170036,-38.170036,58,D:\TensorFlow2\TFODCourse\minor_thesis\data_sources\gsv\-38.170035769737936\145.10544538502063\58\gsv_0.jpg
-38.169988,-38.169988,58,D:\TensorFlow2\TFODCourse\minor_thesis\data_sources\gsv\-38.169988039395726\145.105542169915\58\gsv_0.jpg
-38.169163,-38.169163,239,D:\TensorFlow2\TFODCourse\minor_thesis\data_sources\gsv\-38.16916302553833\145.10724313134358\239\gsv_0.jpg
-38.169116,-38.169116,239,D:\TensorFlow2\TFODCourse\minor_thesis\data_sources\gsv\-38.169116062809735\145.10734051573428\239\gsv_0.jpg
-38.169069,-38.169069,59,D:\TensorFlow2\TFODCourse\minor_thesis\data_sources\gsv\-38.1690691\145.1074379\59\gsv_0.jpg
-38.169022,-38.169022,58,D:\TensorFlow2\TFODCourse\minor_thesis\data_sources\gsv\-38.16902199343166\145.10753517273665\58\gsv_0.jpg
-38.168975,-38.168975,58,D:\TensorFlow2\TFODCourse\minor_thesis\data_sources\gsv\-38.16897488678239\145.1076324453481\58\gsv_0.jpg
-38.167836,-38.167836,238,D:\TensorFlow2\TFODCourse\minor_thesis\data_sources\gsv\-38.167836012217286\145.1102966742253\238\gsv_0.jpg
-38.167788,-38.167788,238,D:\TensorFlow2\TFODCourse\minor_thesis\data_sources\gsv\-38.16778800614854\145.110393237176\238\gsv_0.jpg
-38.167740,-38.167740,58,D:\TensorFlow2\TFODCourse\minor_thesis\data_sources\gsv\-38.16774\145.1104898\58\gsv_0.jpg
-38.167692,-38.167692,58,D:\TensorFlow2\TFODCourse\minor_thesis\data_sources\gsv\-38.16769226508764\145.11058657825717\58\gsv_0.jpg
-38.167645,-38.167645,58,D:\TensorFlow2\TFODCourse\minor_thesis\data_sources\gsv\-38.16764453009514\145.1106833563881\58\gsv_0.jpg
-38.166798,-38.166798,256,D:\TensorFlow2\TFODCourse\minor_thesis\data_sources\gsv\-38.1667979\145.1124268\256\gsv_0.jpg
-38.166798,-38.166798,256,D:\TensorFlow2\TFODCourse\minor_thesis\data_sources\gsv\-38.16679785482409\145.11242702446202\256\gsv_0.jpg
-38.166776,-38.166776,76,D:\TensorFlow2\TFODCourse\minor_thesis\data_sources\gsv\-38.1667756\145.1125376\76\gsv_0.jpg
-38.168674,-38.168674,148,D:\TensorFlow2\TFODCourse\minor_thesis\data_sources\gsv\-38.1686743\145.1071274\148\gsv_0.jpg
-38.168751,-38.168751,148,D:\TensorFlow2\TFODCourse\minor_thesis\data_sources\gsv\-38.1687508373721\145.10718759435193\148\gsv_0.jpg
-38.168827,-38.168827,148,D:\TensorFlow2\TFODCourse\minor_thesis\data_sources\gsv\-38.168827374712365\145.10724778882974\148\gsv_0.jpg
-38.168916,-38.168916,328,D:\TensorFlow2\TFODCourse\minor_thesis\data_sources\gsv\-38.16891602548884\145.10731751037508\328\gsv_0.jpg
-38.168993,-38.168993,328,D:\TensorFlow2\TFODCourse\minor_thesis\data_sources\gsv\-38.16899256276036\145.1073777051246\328\gsv_0.jpg
-38.169069,-38.169069,149,D:\TensorFlow2\TFODCourse\minor_thesis\data_sources\gsv\-38.1690691\145.1074379\149\gsv_0.jpg
-38.169146,-38.169146,149,D:\TensorFlow2\TFODCourse\minor_thesis\data_sources\gsv\-38.16914639762914\145.10749651524893\149\gsv_0.jpg
-38.169224,-38.169224,149,D:\TensorFlow2\TFODCourse\minor_thesis\data_sources\gsv\-38.16922369522801\145.10755513062165\149\gsv_0.jpg
-38.169690,-38.169690,329,D:\TensorFlow2\TFODCourse\minor_thesis\data_sources\gsv\-38.169690414323114\145.1079092159132\329\gsv_0.jpg
-38.169768,-38.169768,329,D:\TensorFlow2\TFODCourse\minor_thesis\data_sources\gsv\-38.169767557176854\145.10796815789445\329\gsv_0.jpg
-38.169845,-38.169845,149,D:\TensorFlow2\TFODCourse\minor_thesis\data_sources\gsv\-38.1698447\145.1080271\149\gsv_0.jpg
-38.169922,-38.169922,149,D:\TensorFlow2\TFODCourse\minor_thesis\data_sources\gsv\-38.16992183939114\145.10808604937202\149\gsv_0.jpg
-38.169999,-38.169999,149,D:\TensorFlow2\TFODCourse\minor_thesis\data_sources\gsv\-38.16999897875168\145.10814499886826\149\gsv_0.jpg
-38.170179,-38.170179,336,D:\TensorFlow2\TFODCourse\minor_thesis\data_sources\gsv\-38.170179299999994\145.1082828\336\gsv_0.jpg
-38.170179,-38.170179,336,D:\TensorFlow2\TFODCourse\minor_thesis\data_sources\gsv\-38.170179299999994\145.1082828\336\gsv_0.jpg
-38.170236,-38.170236,156,D:\TensorFlow2\TFODCourse\minor_thesis\data_sources\gsv\-38.1702362\145.108315\156\gsv_0.jpg
-38.169845,-38.169845,59,D:\TensorFlow2\TFODCourse\minor_thesis\data_sources\gsv\-38.1698447\145.1080271\59\gsv_0.jpg
-38.169798,-38.169798,59,D:\TensorFlow2\TFODCourse\minor_thesis\data_sources\gsv\-38.169797798130695\145.10812453234166\59\gsv_0.jpg
-38.169751,-38.169751,59,D:\TensorFlow2\TFODCourse\minor_thesis\data_sources\gsv\-38.16975089618019\145.10822196455848\59\gsv_0.jpg
-38.162808,-38.162808,59,D:\TensorFlow2\TFODCourse\minor_thesis\data_sources\gsv\-38.1628082\145.1090986\59\gsv_0.jpg
-38.162762,-38.162762,59,D:\TensorFlow2\TFODCourse\minor_thesis\data_sources\gsv\-38.162762173723046\145.10919669064188\59\gsv_0.jpg
-38.162716,-38.162716,59,D:\TensorFlow2\TFODCourse\minor_thesis\data_sources\gsv\-38.16271614736381\145.1092947811604\59\gsv_0.jpg
-38.162431,-38.162431,239,D:\TensorFlow2\TFODCourse\minor_thesis\data_sources\gsv\-38.162431353983656\145.1099017208592\239\gsv_0.jpg
-38.162385,-38.162385,239,D:\TensorFlow2\TFODCourse\minor_thesis\data_sources\gsv\-38.162385327032965\145.10999981049125\239\gsv_0.jpg
-38.162339,-38.162339,59,D:\TensorFlow2\TFODCourse\minor_thesis\data_sources\gsv\-38.1623393\145.1100979\59\gsv_0.jpg
-38.167240,-38.167240,59,D:\TensorFlow2\TFODCourse\minor_thesis\data_sources\gsv\-38.1672395\145.10483\59\gsv_0.jpg
-38.167193,-38.167193,59,D:\TensorFlow2\TFODCourse\minor_thesis\data_sources\gsv\-38.167193050379005\145.104927775882\59\gsv_0.jpg
-38.167147,-38.167147,59,D:\TensorFlow2\TFODCourse\minor_thesis\data_sources\gsv\-38.16714660067624\145.10502555163993\59\gsv_0.jpg
-38.171758,-38.171758,324,D:\TensorFlow2\TFODCourse\minor_thesis\data_sources\gsv\-38.1717577\145.1104328\324\gsv_0.jpg
-38.171685,-38.171685,324,D:\TensorFlow2\TFODCourse\minor_thesis\data_sources\gsv\-38.171684857916915\145.11036564804485\324\gsv_0.jpg
-38.171612,-38.171612,324,D:\TensorFlow2\TFODCourse\minor_thesis\data_sources\gsv\-38.171612015794494\145.11029849622335\324\gsv_0.jpg
-38.171518,-38.171518,144,D:\TensorFlow2\TFODCourse\minor_thesis\data_sources\gsv\-38.171518084464104\145.11021190289725\144\gsv_0.jpg
-38.171445,-38.171445,144,D:\TensorFlow2\TFODCourse\minor_thesis\data_sources\gsv\-38.171445242251714\145.1101447513818\144\gsv_0.jpg
-38.171372,-38.171372,320,D:\TensorFlow2\TFODCourse\minor_thesis\data_sources\gsv\-38.1713724\145.1100776\320\gsv_0.jpg
-38.171315,-38.171315,309,D:\TensorFlow2\TFODCourse\minor_thesis\data_sources\gsv\-38.17131515283457\145.10998948304717\309\gsv_0.jpg
-38.171273,-38.171273,309,D:\TensorFlow2\TFODCourse\minor_thesis\data_sources\gsv\-38.171272999999985\145.1099246\309\gsv_0.jpg
-38.170909,-38.170909,148,D:\TensorFlow2\TFODCourse\minor_thesis\data_sources\gsv\-38.17090910749648\145.10956844335402\148\gsv_0.jpg
-38.170833,-38.170833,148,D:\TensorFlow2\TFODCourse\minor_thesis\data_sources\gsv\-38.170833053764675\145.10950727161347\148\gsv_0.jpg
-38.170757,-38.170757,328,D:\TensorFlow2\TFODCourse\minor_thesis\data_sources\gsv\-38.170757\145.1094461\328\gsv_0.jpg
-38.170849,-38.170849,239,D:\TensorFlow2\TFODCourse\minor_thesis\data_sources\gsv\-38.17084883618248\145.1092497346943\239\gsv_0.jpg
-38.170803,-38.170803,239,D:\TensorFlow2\TFODCourse\minor_thesis\data_sources\gsv\-38.170802918132466\145.10934791740874\239\gsv_0.jpg
-38.170757,-38.170757,53,D:\TensorFlow2\TFODCourse\minor_thesis\data_sources\gsv\-38.170757\145.1094461\53\gsv_0.jpg
-38.170682,-38.170682,33,D:\TensorFlow2\TFODCourse\minor_thesis\data_sources\gsv\-38.17068174852155\145.10950884340886\33\gsv_0.jpg
-38.170646,-38.170646,33,D:\TensorFlow2\TFODCourse\minor_thesis\data_sources\gsv\-38.17064569999999\145.1095389\33\gsv_0.jpg
-38.162904,-38.162904,114,D:\TensorFlow2\TFODCourse\minor_thesis\data_sources\gsv\-38.1629036\145.1041798\114\gsv_0.jpg
-38.162940,-38.162940,114,D:\TensorFlow2\TFODCourse\minor_thesis\data_sources\gsv\-38.162939836773674\145.1042842686491\114\gsv_0.jpg
-38.162976,-38.162976,114,D:\TensorFlow2\TFODCourse\minor_thesis\data_sources\gsv\-38.162976073454196\145.10438873740168\114\gsv_0.jpg
-38.164610,-38.164610,307,D:\TensorFlow2\TFODCourse\minor_thesis\data_sources\gsv\-38.16461028625859\145.10580945768777\307\gsv_0.jpg
-38.164664,-38.164664,307,D:\TensorFlow2\TFODCourse\minor_thesis\data_sources\gsv\-38.16466409316521\145.10590097877662\307\gsv_0.jpg
-38.164718,-38.164718,122,D:\TensorFlow2\TFODCourse\minor_thesis\data_sources\gsv\-38.1647179\145.1059925\122\gsv_0.jpg
-38.164762,-38.164762,120,D:\TensorFlow2\TFODCourse\minor_thesis\data_sources\gsv\-38.16476236588775\145.10609174119867\120\gsv_0.jpg
-38.164807,-38.164807,120,D:\TensorFlow2\TFODCourse\minor_thesis\data_sources\gsv\-38.1648068316913\145.10619098251783\120\gsv_0.jpg
-38.166186,-38.166186,328,D:\TensorFlow2\TFODCourse\minor_thesis\data_sources\gsv\-38.16618642176286\145.10845604224826\328\gsv_0.jpg
-38.166263,-38.166263,328,D:\TensorFlow2\TFODCourse\minor_thesis\data_sources\gsv\-38.16626316089715\145.10851582106147\328\gsv_0.jpg
-38.166340,-38.166340,149,D:\TensorFlow2\TFODCourse\minor_thesis\data_sources\gsv\-38.1663399\145.1085756\149\gsv_0.jpg
-38.166417,-38.166417,149,D:\TensorFlow2\TFODCourse\minor_thesis\data_sources\gsv\-38.166417220759186\145.1086341641736\149\gsv_0.jpg
-38.166495,-38.166495,149,D:\TensorFlow2\TFODCourse\minor_thesis\data_sources\gsv\-38.16649454148814\145.10869272847094\149\gsv_0.jpg
-38.167366,-38.167366,329,D:\TensorFlow2\TFODCourse\minor_thesis\data_sources\gsv\-38.16736595931404\145.10935276824537\329\gsv_0.jpg
-38.167443,-38.167443,329,D:\TensorFlow2\TFODCourse\minor_thesis\data_sources\gsv\-38.16744327967212\145.1094113340608\329\gsv_0.jpg
-38.167521,-38.167521,149,D:\TensorFlow2\TFODCourse\minor_thesis\data_sources\gsv\-38.1675206\145.1094699\149\gsv_0.jpg
-38.170236,-38.170236,238,D:\TensorFlow2\TFODCourse\minor_thesis\data_sources\gsv\-38.1702362\145.108315\238\gsv_0.jpg
-38.170284,-38.170284,238,D:\TensorFlow2\TFODCourse\minor_thesis\data_sources\gsv\-38.170283658483385\145.10821800051102\238\gsv_0.jpg
-38.170331,-38.170331,238,D:\TensorFlow2\TFODCourse\minor_thesis\data_sources\gsv\-38.17033111688625\145.10812100089626\238\gsv_0.jpg
-38.171152,-38.171152,58,D:\TensorFlow2\TFODCourse\minor_thesis\data_sources\gsv\-38.17115168621972\145.106443803957\58\gsv_0.jpg
-38.171199,-38.171199,58,D:\TensorFlow2\TFODCourse\minor_thesis\data_sources\gsv\-38.171199143150105\145.1063468020414\58\gsv_0.jpg
-38.171247,-38.171247,238,D:\TensorFlow2\TFODCourse\minor_thesis\data_sources\gsv\-38.1712466\145.1062498\238\gsv_0.jpg
-38.171936,-38.171936,58,D:\TensorFlow2\TFODCourse\minor_thesis\data_sources\gsv\-38.17193578535998\145.10705137431415\58\gsv_0.jpg
-38.171983,-38.171983,58,D:\TensorFlow2\TFODCourse\minor_thesis\data_sources\gsv\-38.17198294272043\145.10695413721973\58\gsv_0.jpg
-38.172030,-38.172030,238,D:\TensorFlow2\TFODCourse\minor_thesis\data_sources\gsv\-38.1720301\145.1068569\238\gsv_0.jpg
-38.172321,-38.172321,135,D:\TensorFlow2\TFODCourse\minor_thesis\data_sources\gsv\-38.1723214\145.1097947\135\gsv_0.jpg
-38.172385,-38.172385,135,D:\TensorFlow2\TFODCourse\minor_thesis\data_sources\gsv\-38.17238467489783\145.10987593479325\135\gsv_0.jpg
-38.172448,-38.172448,135,D:\TensorFlow2\TFODCourse\minor_thesis\data_sources\gsv\-38.17244794973878\145.10995716972698\135\gsv_0.jpg
-38.174442,-38.174442,69,D:\TensorFlow2\TFODCourse\minor_thesis\data_sources\gsv\-38.1744417\145.100127\69\gsv_0.jpg
-38.174409,-38.174409,69,D:\TensorFlow2\TFODCourse\minor_thesis\data_sources\gsv\-38.174409447038194\145.10023355969355\69\gsv_0.jpg
-38.174377,-38.174377,69,D:\TensorFlow2\TFODCourse\minor_thesis\data_sources\gsv\-38.17437719397952\145.10034011929315\69\gsv_0.jpg
-38.174019,-38.174019,261,D:\TensorFlow2\TFODCourse\minor_thesis\data_sources\gsv\-38.1740192212408\145.10494837046636\261\gsv_0.jpg
-38.174005,-38.174005,261,D:\TensorFlow2\TFODCourse\minor_thesis\data_sources\gsv\-38.17400511067451\145.1050610852549\261\gsv_0.jpg
-38.173991,-38.173991,81,D:\TensorFlow2\TFODCourse\minor_thesis\data_sources\gsv\-38.173991\145.1051738\81\gsv_0.jpg
-38.173979,-38.173979,82,D:\TensorFlow2\TFODCourse\minor_thesis\data_sources\gsv\-38.17397862267587\145.10528684107888\82\gsv_0.jpg
-38.173966,-38.173966,82,D:\TensorFlow2\TFODCourse\minor_thesis\data_sources\gsv\-38.173966245242895\145.1053998821195\82\gsv_0.jpg
-38.173941,-38.173941,262,D:\TensorFlow2\TFODCourse\minor_thesis\data_sources\gsv\-38.1739411556337\145.10562901818844\262\gsv_0.jpg
-38.173929,-38.173929,262,D:\TensorFlow2\TFODCourse\minor_thesis\data_sources\gsv\-38.17392877787127\145.10574205911334\262\gsv_0.jpg
-38.173916,-38.173916,80,D:\TensorFlow2\TFODCourse\minor_thesis\data_sources\gsv\-38.1739164\145.1058551\80\gsv_0.jpg
-38.173900,-38.173900,79,D:\TensorFlow2\TFODCourse\minor_thesis\data_sources\gsv\-38.17389986732784\145.10596728504953\79\gsv_0.jpg
-38.173883,-38.173883,79,D:\TensorFlow2\TFODCourse\minor_thesis\data_sources\gsv\-38.17388333454847\145.10607947004834\79\gsv_0.jpg
-38.173572,-38.173572,249,D:\TensorFlow2\TFODCourse\minor_thesis\data_sources\gsv\-38.173571557827934\145.10759911135335\249\gsv_0.jpg
-38.173539,-38.173539,249,D:\TensorFlow2\TFODCourse\minor_thesis\data_sources\gsv\-38.17353937896243\145.10770570572353\249\gsv_0.jpg
-38.173507,-38.173507,69,D:\TensorFlow2\TFODCourse\minor_thesis\data_sources\gsv\-38.1735072\145.1078123\69\gsv_0.jpg
-38.173344,-38.173344,68,D:\TensorFlow2\TFODCourse\minor_thesis\data_sources\gsv\-38.1733445\145.1080668\68\gsv_0.jpg
-38.173310,-38.173310,68,D:\TensorFlow2\TFODCourse\minor_thesis\data_sources\gsv\-38.17331020222844\145.1081723284766\68\gsv_0.jpg
-38.173276,-38.173276,68,D:\TensorFlow2\TFODCourse\minor_thesis\data_sources\gsv\-38.173275904361844\145.10827785685427\68\gsv_0.jpg
-38.172445,-38.172445,227,D:\TensorFlow2\TFODCourse\minor_thesis\data_sources\gsv\-38.172444597301414\145.10962814700287\227\gsv_0.jpg
-38.172383,-38.172383,227,D:\TensorFlow2\TFODCourse\minor_thesis\data_sources\gsv\-38.17238299868056\145.1097114235715\227\gsv_0.jpg
-38.172321,-38.172321,46,D:\TensorFlow2\TFODCourse\minor_thesis\data_sources\gsv\-38.1723214\145.1097947\46\gsv_0.jpg
-38.172256,-38.172256,44,D:\TensorFlow2\TFODCourse\minor_thesis\data_sources\gsv\-38.17225643902771\145.1098737704553\44\gsv_0.jpg
-38.172191,-38.172191,44,D:\TensorFlow2\TFODCourse\minor_thesis\data_sources\gsv\-38.17219147800145\145.1099528407702\44\gsv_0.jpg
-38.171937,-38.171937,224,D:\TensorFlow2\TFODCourse\minor_thesis\data_sources\gsv\-38.17193702263711\145.11026256089087\224\gsv_0.jpg
-38.171872,-38.171872,224,D:\TensorFlow2\TFODCourse\minor_thesis\data_sources\gsv\-38.17187206134554\145.11034163051562\224\gsv_0.jpg
-38.171807,-38.171807,44,D:\TensorFlow2\TFODCourse\minor_thesis\data_sources\gsv\-38.1718071\145.1104207\44\gsv_0.jpg
-38.174552,-38.174552,247,D:\TensorFlow2\TFODCourse\minor_thesis\data_sources\gsv\-38.17455154154444\145.0998091497006\247\gsv_0.jpg
-38.174517,-38.174517,247,D:\TensorFlow2\TFODCourse\minor_thesis\data_sources\gsv\-38.17451657081942\145.09991432490057\247\gsv_0.jpg
-38.174482,-38.174482,67,D:\TensorFlow2\TFODCourse\minor_thesis\data_sources\gsv\-38.1744816\145.1000195\67\gsv_0.jpg
-38.166646,-38.166646,148,D:\TensorFlow2\TFODCourse\minor_thesis\data_sources\gsv\-38.1666459\145.1081259\148\gsv_0.jpg
-38.166722,-38.166722,148,D:\TensorFlow2\TFODCourse\minor_thesis\data_sources\gsv\-38.166722313407725\145.1081863448948\148\gsv_0.jpg
-38.166799,-38.166799,148,D:\TensorFlow2\TFODCourse\minor_thesis\data_sources\gsv\-38.166798726783334\145.1082467899157\148\gsv_0.jpg
-38.172749,-38.172749,118,D:\TensorFlow2\TFODCourse\minor_thesis\data_sources\gsv\-38.172749266405724\145.09790764341716\118\gsv_0.jpg
-38.172707,-38.172707,118,D:\TensorFlow2\TFODCourse\minor_thesis\data_sources\gsv\-38.172707133246334\145.09780677165048\118\gsv_0.jpg
-38.172665,-38.172665,299,D:\TensorFlow2\TFODCourse\minor_thesis\data_sources\gsv\-38.172665\145.0977059\299\gsv_0.jpg
-38.172621,-38.172621,299,D:\TensorFlow2\TFODCourse\minor_thesis\data_sources\gsv\-38.172621458730426\145.0976059925026\299\gsv_0.jpg
-38.172578,-38.172578,299,D:\TensorFlow2\TFODCourse\minor_thesis\data_sources\gsv\-38.17257791737555\145.09750608512405\299\gsv_0.jpg
-38.172064,-38.172064,119,D:\TensorFlow2\TFODCourse\minor_thesis\data_sources\gsv\-38.172063784980544\145.09632641159305\119\gsv_0.jpg
-38.172020,-38.172020,119,D:\TensorFlow2\TFODCourse\minor_thesis\data_sources\gsv\-38.17202024253293\145.0962265057371\119\gsv_0.jpg
-38.171977,-38.171977,300,D:\TensorFlow2\TFODCourse\minor_thesis\data_sources\gsv\-38.1719767\145.0961266\300\gsv_0.jpg
-38.171927,-38.171927,304,D:\TensorFlow2\TFODCourse\minor_thesis\data_sources\gsv\-38.17192688122307\145.0960315162906\304\gsv_0.jpg
-38.171877,-38.171877,304,D:\TensorFlow2\TFODCourse\minor_thesis\data_sources\gsv\-38.17187706236874\145.09593643271063\304\gsv_0.jpg
-38.171572,-38.171572,121,D:\TensorFlow2\TFODCourse\minor_thesis\data_sources\gsv\-38.17157247754977\145.09516978366312\121\gsv_0.jpg
-38.171526,-38.171526,121,D:\TensorFlow2\TFODCourse\minor_thesis\data_sources\gsv\-38.17152623881592\145.0950718417697\121\gsv_0.jpg
-38.171480,-38.171480,301,D:\TensorFlow2\TFODCourse\minor_thesis\data_sources\gsv\-38.17148\145.0949739\301\gsv_0.jpg
-38.174442,-38.174442,165,D:\TensorFlow2\TFODCourse\minor_thesis\data_sources\gsv\-38.1744417\145.100127\165\gsv_0.jpg
-38.174458,-38.174458,165,D:\TensorFlow2\TFODCourse\minor_thesis\data_sources\gsv\-38.1744575\145.10013219999996\165\gsv_0.jpg
-38.174458,-38.174458,165,D:\TensorFlow2\TFODCourse\minor_thesis\data_sources\gsv\-38.1744575\145.10013219999996\165\gsv_0.jpg
-38.174500,-38.174500,67,D:\TensorFlow2\TFODCourse\minor_thesis\data_sources\gsv\-38.17449959999999\145.1001065\67\gsv_0.jpg
-38.174500,-38.174500,67,D:\TensorFlow2\TFODCourse\minor_thesis\data_sources\gsv\-38.17449959999999\145.1001065\67\gsv_0.jpg
-38.174507,-38.174507,257,D:\TensorFlow2\TFODCourse\minor_thesis\data_sources\gsv\-38.1745069\145.1000847\257\gsv_0.jpg
-38.174507,-38.174507,269,D:\TensorFlow2\TFODCourse\minor_thesis\data_sources\gsv\-38.17450730000001\145.1000641\269\gsv_0.jpg
-38.174507,-38.174507,269,D:\TensorFlow2\TFODCourse\minor_thesis\data_sources\gsv\-38.17450730000001\145.1000641\269\gsv_0.jpg
-38.174492,-38.174492,146,D:\TensorFlow2\TFODCourse\minor_thesis\data_sources\gsv\-38.17449200000001\145.10002829999996\146\gsv_0.jpg
-38.174492,-38.174492,146,D:\TensorFlow2\TFODCourse\minor_thesis\data_sources\gsv\-38.17449200000001\145.10002829999996\146\gsv_0.jpg
-38.174482,-38.174482,336,D:\TensorFlow2\TFODCourse\minor_thesis\data_sources\gsv\-38.1744816\145.1000195\336\gsv_0.jpg
-38.174466,-38.174466,344,D:\TensorFlow2\TFODCourse\minor_thesis\data_sources\gsv\-38.174466\145.1000138\344\gsv_0.jpg
-38.174466,-38.174466,344,D:\TensorFlow2\TFODCourse\minor_thesis\data_sources\gsv\-38.174466\145.1000138\344\gsv_0.jpg
-38.174450,-38.174450,205,D:\TensorFlow2\TFODCourse\minor_thesis\data_sources\gsv\-38.1744498\145.1000152\205\gsv_0.jpg
-38.174450,-38.174450,205,D:\TensorFlow2\TFODCourse\minor_thesis\data_sources\gsv\-38.1744498\145.1000152\205\gsv_0.jpg
-38.174433,-38.174433,35,D:\TensorFlow2\TFODCourse\minor_thesis\data_sources\gsv\-38.1744329\145.1000254\35\gsv_0.jpg
-38.174422,-38.174422,47,D:\TensorFlow2\TFODCourse\minor_thesis\data_sources\gsv\-38.1744218\145.1000405\47\gsv_0.jpg
-38.174422,-38.174422,47,D:\TensorFlow2\TFODCourse\minor_thesis\data_sources\gsv\-38.1744218\145.1000405\47\gsv_0.jpg
-38.174429,-38.174429,326,D:\TensorFlow2\TFODCourse\minor_thesis\data_sources\gsv\-38.17442919999999\145.1001164\326\gsv_0.jpg
-38.174429,-38.174429,326,D:\TensorFlow2\TFODCourse\minor_thesis\data_sources\gsv\-38.17442919999999\145.1001164\326\gsv_0.jpg
-38.174442,-38.174442,146,D:\TensorFlow2\TFODCourse\minor_thesis\data_sources\gsv\-38.1744417\145.100127\146\gsv_0.jpg
-38.173535,-38.173535,250,D:\TensorFlow2\TFODCourse\minor_thesis\data_sources\gsv\-38.1735351\145.1080202\250\gsv_0.jpg
-38.173551,-38.173551,250,D:\TensorFlow2\TFODCourse\minor_thesis\data_sources\gsv\-38.17355070000001\145.10796680000004\250\gsv_0.jpg
-38.173551,-38.173551,250,D:\TensorFlow2\TFODCourse\minor_thesis\data_sources\gsv\-38.17355070000001\145.10796680000004\250\gsv_0.jpg
-38.173536,-38.173536,130,D:\TensorFlow2\TFODCourse\minor_thesis\data_sources\gsv\-38.1735358\145.1078562\130\gsv_0.jpg
-38.173536,-38.173536,130,D:\TensorFlow2\TFODCourse\minor_thesis\data_sources\gsv\-38.1735358\145.1078562\130\gsv_0.jpg
-38.173507,-38.173507,323,D:\TensorFlow2\TFODCourse\minor_thesis\data_sources\gsv\-38.1735072\145.1078123\323\gsv_0.jpg
-38.173455,-38.173455,333,D:\TensorFlow2\TFODCourse\minor_thesis\data_sources\gsv\-38.17345470000001\145.1077781\333\gsv_0.jpg
-38.173455,-38.173455,333,D:\TensorFlow2\TFODCourse\minor_thesis\data_sources\gsv\-38.17345470000001\145.1077781\333\gsv_0.jpg
-38.173331,-38.173331,232,D:\TensorFlow2\TFODCourse\minor_thesis\data_sources\gsv\-38.17333080000001\145.1078238\232\gsv_0.jpg
-38.173331,-38.173331,232,D:\TensorFlow2\TFODCourse\minor_thesis\data_sources\gsv\-38.17333080000001\145.1078238\232\gsv_0.jpg
-38.173314,-38.173314,62,D:\TensorFlow2\TFODCourse\minor_thesis\data_sources\gsv\-38.1733138\145.1078516\62\gsv_0.jpg
-38.173297,-38.173297,69,D:\TensorFlow2\TFODCourse\minor_thesis\data_sources\gsv\-38.1732974\145.1079046\69\gsv_0.jpg
-38.173297,-38.173297,69,D:\TensorFlow2\TFODCourse\minor_thesis\data_sources\gsv\-38.1732974\145.1079046\69\gsv_0.jpg
-38.173310,-38.173310,310,D:\TensorFlow2\TFODCourse\minor_thesis\data_sources\gsv\-38.1733104\145.1080156\310\gsv_0.jpg
-38.173310,-38.173310,310,D:\TensorFlow2\TFODCourse\minor_thesis\data_sources\gsv\-38.1733104\145.1080156\310\gsv_0.jpg
-38.173344,-38.173344,140,D:\TensorFlow2\TFODCourse\minor_thesis\data_sources\gsv\-38.1733445\145.1080668\140\gsv_0.jpg
-38.173384,-38.173384,152,D:\TensorFlow2\TFODCourse\minor_thesis\data_sources\gsv\-38.17338399999999\145.1080935\152\gsv_0.jpg
-38.173384,-38.173384,152,D:\TensorFlow2\TFODCourse\minor_thesis\data_sources\gsv\-38.17338399999999\145.1080935\152\gsv_0.jpg
-38.173510,-38.173510,51,D:\TensorFlow2\TFODCourse\minor_thesis\data_sources\gsv\-38.1735102\145.1080592\51\gsv_0.jpg
-38.173510,-38.173510,51,D:\TensorFlow2\TFODCourse\minor_thesis\data_sources\gsv\-38.1735102\145.1080592\51\gsv_0.jpg
-38.173535,-38.173535,231,D:\TensorFlow2\TFODCourse\minor_thesis\data_sources\gsv\-38.1735351\145.1080202\231\gsv_0.jpg
-38.170015,-38.170015,7,D:\TensorFlow2\TFODCourse\minor_thesis\data_sources\gsv\-38.1700151\145.0935922\7\gsv_0.jpg
-38.169926,-38.169926,7,D:\TensorFlow2\TFODCourse\minor_thesis\data_sources\gsv\-38.16992560585417\145.09360530688397\7\gsv_0.jpg
-38.169836,-38.169836,7,D:\TensorFlow2\TFODCourse\minor_thesis\data_sources\gsv\-38.169836111705486\145.09361841373592\7\gsv_0.jpg
-38.169356,-38.169356,298,D:\TensorFlow2\TFODCourse\minor_thesis\data_sources\gsv\-38.16935569809067\145.0955645889602\298\gsv_0.jpg
-38.169398,-38.169398,298,D:\TensorFlow2\TFODCourse\minor_thesis\data_sources\gsv\-38.16939754908897\145.09566564442233\298\gsv_0.jpg
-38.169439,-38.169439,118,D:\TensorFlow2\TFODCourse\minor_thesis\data_sources\gsv\-38.1694394\145.0957667\118\gsv_0.jpg
-38.171903,-38.171903,86,D:\TensorFlow2\TFODCourse\minor_thesis\data_sources\gsv\-38.1719025\145.0979548\86\gsv_0.jpg
-38.171897,-38.171897,86,D:\TensorFlow2\TFODCourse\minor_thesis\data_sources\gsv\-38.17189683860694\145.09806869446885\86\gsv_0.jpg
-38.171894,-38.171894,86,D:\TensorFlow2\TFODCourse\minor_thesis\data_sources\gsv\-38.171893999999995\145.0981258\86\gsv_0.jpg
-38.170287,-38.170287,80,D:\TensorFlow2\TFODCourse\minor_thesis\data_sources\gsv\-38.170287\145.1006665\80\gsv_0.jpg
-38.170272,-38.170272,80,D:\TensorFlow2\TFODCourse\minor_thesis\data_sources\gsv\-38.17027196204923\145.10077901646372\80\gsv_0.jpg
-38.170259,-38.170259,80,D:\TensorFlow2\TFODCourse\minor_thesis\data_sources\gsv\-38.170259\145.100876\80\gsv_0.jpg
-38.166883,-38.166883,123,D:\TensorFlow2\TFODCourse\minor_thesis\data_sources\gsv\-38.16688349999999\145.10189759999997\123\gsv_0.jpg
-38.166860,-38.166860,123,D:\TensorFlow2\TFODCourse\minor_thesis\data_sources\gsv\-38.166860291634094\145.10185157162465\123\gsv_0.jpg
-38.166812,-38.166812,303,D:\TensorFlow2\TFODCourse\minor_thesis\data_sources\gsv\-38.1668118\145.1017554\303\gsv_0.jpg
-38.164518,-38.164518,208,D:\TensorFlow2\TFODCourse\minor_thesis\data_sources\gsv\-38.1645182\145.1026525\208\gsv_0.jpg
-38.164593,-38.164593,208,D:\TensorFlow2\TFODCourse\minor_thesis\data_sources\gsv\-38.16459319999999\145.1026016\208\gsv_0.jpg
-38.164593,-38.164593,208,D:\TensorFlow2\TFODCourse\minor_thesis\data_sources\gsv\-38.16459319999999\145.1026016\208\gsv_0.jpg
-38.166710,-38.166710,275,D:\TensorFlow2\TFODCourse\minor_thesis\data_sources\gsv\-38.1667102\145.1015905\275\gsv_0.jpg
-38.166702,-38.166702,275,D:\TensorFlow2\TFODCourse\minor_thesis\data_sources\gsv\-38.166702362040105\145.10147682076095\275\gsv_0.jpg
-38.166696,-38.166696,275,D:\TensorFlow2\TFODCourse\minor_thesis\data_sources\gsv\-38.16669629999999\145.1013889\275\gsv_0.jpg
-38.166045,-38.166045,98,D:\TensorFlow2\TFODCourse\minor_thesis\data_sources\gsv\-38.16604480000001\145.0991938\98\gsv_0.jpg
-38.166045,-38.166045,98,D:\TensorFlow2\TFODCourse\minor_thesis\data_sources\gsv\-38.16604480000001\145.0991938\98\gsv_0.jpg
-38.166033,-38.166033,278,D:\TensorFlow2\TFODCourse\minor_thesis\data_sources\gsv\-38.1660331\145.0990819\278\gsv_0.jpg
-38.166021,-38.166021,278,D:\TensorFlow2\TFODCourse\minor_thesis\data_sources\gsv\-38.166021213793904\145.09896878666896\278\gsv_0.jpg
-38.166018,-38.166018,278,D:\TensorFlow2\TFODCourse\minor_thesis\data_sources\gsv\-38.1660178\145.09893630000002\278\gsv_0.jpg
-38.166761,-38.166761,32,D:\TensorFlow2\TFODCourse\minor_thesis\data_sources\gsv\-38.16676101495824\145.09793447710896\32\gsv_0.jpg
-38.166837,-38.166837,32,D:\TensorFlow2\TFODCourse\minor_thesis\data_sources\gsv\-38.16683735749525\145.09787388861767\32\gsv_0.jpg
-38.166914,-38.166914,212,D:\TensorFlow2\TFODCourse\minor_thesis\data_sources\gsv\-38.1669137\145.0978133\212\gsv_0.jpg
-38.166990,-38.166990,212,D:\TensorFlow2\TFODCourse\minor_thesis\data_sources\gsv\-38.16699003026539\145.0977526865858\212\gsv_0.jpg
-38.167042,-38.167042,212,D:\TensorFlow2\TFODCourse\minor_thesis\data_sources\gsv\-38.167042399999985\145.0977111\212\gsv_0.jpg
-38.166914,-38.166914,32,D:\TensorFlow2\TFODCourse\minor_thesis\data_sources\gsv\-38.16691370000001\145.0978133\32\gsv_0.jpg
-38.166966,-38.166966,32,D:\TensorFlow2\TFODCourse\minor_thesis\data_sources\gsv\-38.16696606975676\145.09777171350098\32\gsv_0.jpg
-38.167042,-38.167042,212,D:\TensorFlow2\TFODCourse\minor_thesis\data_sources\gsv\-38.1670424\145.0977111\212\gsv_0.jpg
-38.167119,-38.167119,212,D:\TensorFlow2\TFODCourse\minor_thesis\data_sources\gsv\-38.167118739520895\145.09765050518644\212\gsv_0.jpg
-38.167195,-38.167195,212,D:\TensorFlow2\TFODCourse\minor_thesis\data_sources\gsv\-38.16719507900954\145.09758991024648\212\gsv_0.jpg
-38.168087,-38.168087,32,D:\TensorFlow2\TFODCourse\minor_thesis\data_sources\gsv\-38.16808692187328\145.09688199321226\32\gsv_0.jpg
-38.168163,-38.168163,32,D:\TensorFlow2\TFODCourse\minor_thesis\data_sources\gsv\-38.16816326095278\145.09682139666933\32\gsv_0.jpg
-38.168240,-38.168240,213,D:\TensorFlow2\TFODCourse\minor_thesis\data_sources\gsv\-38.1682396\145.0967608\213\gsv_0.jpg
-38.168314,-38.168314,214,D:\TensorFlow2\TFODCourse\minor_thesis\data_sources\gsv\-38.168314137553\145.096696705879\214\gsv_0.jpg
-38.168389,-38.168389,214,D:\TensorFlow2\TFODCourse\minor_thesis\data_sources\gsv\-38.16838867507004\145.09663261162743\214\gsv_0.jpg
-38.169281,-38.169281,29,D:\TensorFlow2\TFODCourse\minor_thesis\data_sources\gsv\-38.16928138933771\145.09587638138564\29\gsv_0.jpg
-38.169360,-38.169360,29,D:\TensorFlow2\TFODCourse\minor_thesis\data_sources\gsv\-38.169360394682194\145.095821540752\29\gsv_0.jpg
-38.169439,-38.169439,205,D:\TensorFlow2\TFODCourse\minor_thesis\data_sources\gsv\-38.1694394\145.0957667\205\gsv_0.jpg
-38.169523,-38.169523,201,D:\TensorFlow2\TFODCourse\minor_thesis\data_sources\gsv\-38.16952330263925\145.09572513766483\201\gsv_0.jpg
-38.169607,-38.169607,201,D:\TensorFlow2\TFODCourse\minor_thesis\data_sources\gsv\-38.169607205262594\145.09568357523437\201\gsv_0.jpg
-38.169930,-38.169930,16,D:\TensorFlow2\TFODCourse\minor_thesis\data_sources\gsv\-38.169930223328286\145.09555082436654\16\gsv_0.jpg
-38.170017,-38.170017,16,D:\TensorFlow2\TFODCourse\minor_thesis\data_sources\gsv\-38.17001666166919\145.09551866222125\16\gsv_0.jpg
-38.170103,-38.170103,196,D:\TensorFlow2\TFODCourse\minor_thesis\data_sources\gsv\-38.1701031\145.0954865\196\gsv_0.jpg
-38.170190,-38.170190,196,D:\TensorFlow2\TFODCourse\minor_thesis\data_sources\gsv\-38.17018953146567\145.0954543081567\196\gsv_0.jpg
-38.170276,-38.170276,196,D:\TensorFlow2\TFODCourse\minor_thesis\data_sources\gsv\-38.17027596292124\145.09542211623733\196\gsv_0.jpg
-38.170510,-38.170510,16,D:\TensorFlow2\TFODCourse\minor_thesis\data_sources\gsv\-38.17051043717396\145.09533478447932\16\gsv_0.jpg
-38.170597,-38.170597,16,D:\TensorFlow2\TFODCourse\minor_thesis\data_sources\gsv\-38.17059686859203\145.09530259227768\16\gsv_0.jpg
-38.170683,-38.170683,196,D:\TensorFlow2\TFODCourse\minor_thesis\data_sources\gsv\-38.1706833\145.0952704\196\gsv_0.jpg
-38.170770,-38.170770,196,D:\TensorFlow2\TFODCourse\minor_thesis\data_sources\gsv\-38.17076974016608\145.09523824544345\196\gsv_0.jpg
-38.170856,-38.170856,196,D:\TensorFlow2\TFODCourse\minor_thesis\data_sources\gsv\-38.170856180322055\145.09520609081102\196\gsv_0.jpg
-38.171307,-38.171307,16,D:\TensorFlow2\TFODCourse\minor_thesis\data_sources\gsv\-38.1713071323807\145.09503826442585\16\gsv_0.jpg
-38.171394,-38.171394,16,D:\TensorFlow2\TFODCourse\minor_thesis\data_sources\gsv\-38.17139356619539\145.09500608225093\16\gsv_0.jpg
-38.171480,-38.171480,196,D:\TensorFlow2\TFODCourse\minor_thesis\data_sources\gsv\-38.17148\145.0949739\196\gsv_0.jpg
-38.171567,-38.171567,196,D:\TensorFlow2\TFODCourse\minor_thesis\data_sources\gsv\-38.171566754828476\145.09494313495338\196\gsv_0.jpg
-38.171654,-38.171654,196,D:\TensorFlow2\TFODCourse\minor_thesis\data_sources\gsv\-38.17165350964761\145.0949123698338\196\gsv_0.jpg
-38.172729,-38.172729,15,D:\TensorFlow2\TFODCourse\minor_thesis\data_sources\gsv\-38.172729190497634\145.09453241945502\15\gsv_0.jpg
-38.172816,-38.172816,15,D:\TensorFlow2\TFODCourse\minor_thesis\data_sources\gsv\-38.17281604525337\145.09450210976348\15\gsv_0.jpg
-38.172903,-38.172903,195,D:\TensorFlow2\TFODCourse\minor_thesis\data_sources\gsv\-38.1729029\145.0944718\195\gsv_0.jpg
-38.172990,-38.172990,196,D:\TensorFlow2\TFODCourse\minor_thesis\data_sources\gsv\-38.172989685597585\145.09444117401904\196\gsv_0.jpg
-38.173076,-38.173076,196,D:\TensorFlow2\TFODCourse\minor_thesis\data_sources\gsv\-38.17307647118591\145.09441054796542\196\gsv_0.jpg
-38.173620,-38.173620,16,D:\TensorFlow2\TFODCourse\minor_thesis\data_sources\gsv\-38.17361982422258\145.0942189316556\16\gsv_0.jpg
-38.173707,-38.173707,16,D:\TensorFlow2\TFODCourse\minor_thesis\data_sources\gsv\-38.17370661211592\145.09418831586413\16\gsv_0.jpg
-38.173793,-38.173793,195,D:\TensorFlow2\TFODCourse\minor_thesis\data_sources\gsv\-38.1737934\145.0941577\195\gsv_0.jpg
-38.173881,-38.173881,195,D:\TensorFlow2\TFODCourse\minor_thesis\data_sources\gsv\-38.173880548505934\145.09412877460508\195\gsv_0.jpg
-38.173968,-38.173968,195,D:\TensorFlow2\TFODCourse\minor_thesis\data_sources\gsv\-38.17396769700343\145.09409984914123\195\gsv_0.jpg
-38.174487,-38.174487,15,D:\TensorFlow2\TFODCourse\minor_thesis\data_sources\gsv\-38.17448740313069\145.09392735195604\15\gsv_0.jpg
-38.174575,-38.174575,15,D:\TensorFlow2\TFODCourse\minor_thesis\data_sources\gsv\-38.17457455156956\145.0938984260125\15\gsv_0.jpg
-38.174662,-38.174662,195,D:\TensorFlow2\TFODCourse\minor_thesis\data_sources\gsv\-38.1746617\145.0938695\195\gsv_0.jpg
-38.174749,-38.174749,195,D:\TensorFlow2\TFODCourse\minor_thesis\data_sources\gsv\-38.1747488473429\145.09384056870186\195\gsv_0.jpg
-38.174836,-38.174836,195,D:\TensorFlow2\TFODCourse\minor_thesis\data_sources\gsv\-38.17483599467735\145.09381163733482\195\gsv_0.jpg
-38.175327,-38.175327,15,D:\TensorFlow2\TFODCourse\minor_thesis\data_sources\gsv\-38.175327198560524\145.09364863039883\15\gsv_0.jpg
-38.175414,-38.175414,15,D:\TensorFlow2\TFODCourse\minor_thesis\data_sources\gsv\-38.17541434928447\145.09361971523384\15\gsv_0.jpg
-38.175502,-38.175502,195,D:\TensorFlow2\TFODCourse\minor_thesis\data_sources\gsv\-38.1755015\145.0935908\195\gsv_0.jpg
-38.175588,-38.175588,195,D:\TensorFlow2\TFODCourse\minor_thesis\data_sources\gsv\-38.17558844435744\145.09356090443117\195\gsv_0.jpg
-38.175675,-38.175675,195,D:\TensorFlow2\TFODCourse\minor_thesis\data_sources\gsv\-38.175675388705976\145.0935310087913\195\gsv_0.jpg
-38.177465,-38.177465,15,D:\TensorFlow2\TFODCourse\minor_thesis\data_sources\gsv\-38.17746471451718\145.09291560758197\15\gsv_0.jpg
-38.177552,-38.177552,15,D:\TensorFlow2\TFODCourse\minor_thesis\data_sources\gsv\-38.17755165726303\145.0928857038265\15\gsv_0.jpg
-38.177639,-38.177639,195,D:\TensorFlow2\TFODCourse\minor_thesis\data_sources\gsv\-38.1776386\145.0928558\195\gsv_0.jpg
-38.177726,-38.177726,195,D:\TensorFlow2\TFODCourse\minor_thesis\data_sources\gsv\-38.17772554236388\145.09282589440323\195\gsv_0.jpg
-38.177812,-38.177812,195,D:\TensorFlow2\TFODCourse\minor_thesis\data_sources\gsv\-38.17781248471885\145.0927959887354\195\gsv_0.jpg
-38.166914,-38.166914,298,D:\TensorFlow2\TFODCourse\minor_thesis\data_sources\gsv\-38.1669137\145.0978133\298\gsv_0.jpg
-38.166871,-38.166871,298,D:\TensorFlow2\TFODCourse\minor_thesis\data_sources\gsv\-38.16687104372963\145.0977127896255\298\gsv_0.jpg
-38.166828,-38.166828,298,D:\TensorFlow2\TFODCourse\minor_thesis\data_sources\gsv\-38.16682838737291\145.0976122793681\298\gsv_0.jpg
-38.165485,-38.165485,279,D:\TensorFlow2\TFODCourse\minor_thesis\data_sources\gsv\-38.16548459999999\145.094516\279\gsv_0.jpg
-38.165492,-38.165492,279,D:\TensorFlow2\TFODCourse\minor_thesis\data_sources\gsv\-38.16549203328486\145.0945738707802\279\gsv_0.jpg
-38.165506,-38.165506,99,D:\TensorFlow2\TFODCourse\minor_thesis\data_sources\gsv\-38.1655065\145.0946865\99\gsv_0.jpg
-38.169658,-38.169658,241,D:\TensorFlow2\TFODCourse\minor_thesis\data_sources\gsv\-38.169658\145.1050184\241\gsv_0.jpg
-38.169702,-38.169702,241,D:\TensorFlow2\TFODCourse\minor_thesis\data_sources\gsv\-38.16970172376858\145.10491862450266\241\gsv_0.jpg
-38.169745,-38.169745,241,D:\TensorFlow2\TFODCourse\minor_thesis\data_sources\gsv\-38.169745447452065\145.10481884888608\241\gsv_0.jpg
-38.170366,-38.170366,61,D:\TensorFlow2\TFODCourse\minor_thesis\data_sources\gsv\-38.17036555530215\145.1034037549721\61\gsv_0.jpg
-38.170409,-38.170409,61,D:\TensorFlow2\TFODCourse\minor_thesis\data_sources\gsv\-38.17040927769362\145.10330397754566\61\gsv_0.jpg
-38.170453,-38.170453,240,D:\TensorFlow2\TFODCourse\minor_thesis\data_sources\gsv\-38.170453\145.1032042\240\gsv_0.jpg
-38.170500,-38.170500,239,D:\TensorFlow2\TFODCourse\minor_thesis\data_sources\gsv\-38.17050000865634\145.10310684939967\239\gsv_0.jpg
-38.170547,-38.170547,239,D:\TensorFlow2\TFODCourse\minor_thesis\data_sources\gsv\-38.17054701723162\145.10300949867428\239\gsv_0.jpg
